Accession,state,date
20260423_library_E_A6N5Y,Abia,2021-11-02
20260423_library_E_B2D2I,Abia,2021-10-30
20260423_library_E_B2D9P,Abia,2021-10-30
20260423_library_E_C8K6B,Abia,2021-10-30
20260423_library_E_D1Y7K,Abia,2021-10-26
20260423_library_E_E8E4U,Abia,2021-10-30
20260423_library_E_G0R8G,Abia,2021-10-30
20260423_library_E_H7W8T,Abia,2021-10-27
20260423_library_E_I0R3D,Abia,2021-11-15
20260423_library_E_I7F8D,Abia,2021-11-15
20260423_library_E_M6N0G,Abia,2021-10-30
20260423_library_E_M9W6Y,Abia,2021-10-30
20260423_library_E_N0V1K,Abia,2021-10-30
20260423_library_E_N4Q8Q,Abia,2021-11-02
20260423_library_E_N5W3S,Abia,2021-11-11
20260423_library_E_P3D9F,Abia,2021-10-30
20260423_library_E_P9Q3S,Abia,2021-10-26
20260423_library_E_R0U3P,Abia,2021-10-26
20260423_library_E_R7F_H,Abia,
20260423_library_E_W3K9T,Abia,2021-10-30
20260423_library_E_X0L8R,Abia,2021-11-15
20260423_library_E_X9R0Y,Abia,2021-10-27
20260423_library_E_Z2O4U,Abia,2021-11-15
20260413_library_D_A4O8B,Adamawa,2021-11-13
20260413_library_D_A4U3C,Adamawa,2021-11-18
20260413_library_D_C6E6S,Adamawa,2021-11-11
20260413_library_D_E3T5G,Adamawa,2021-10-30
20260413_library_D_E8G8B,Adamawa,2021-10-19
20260413_library_D_F1V0C,Adamawa,2021-11-13
20260413_library_D_H9B3U,Adamawa,2021-11-18
20260413_library_D_I3H1T,Adamawa,2021-11-19
20260413_library_D_I6K3C,Adamawa,2021-11-13
20260413_library_D_I9C7B,Adamawa,2021-10-21
20260413_library_D_L9B3Y,Adamawa,2021-10-30
20260413_library_D_N0P7K,Adamawa,2021-11-19
20260413_library_D_N8K9P,Adamawa,2021-10-21
20260413_library_D_O7L6N,Adamawa,2021-10-19
20260413_library_D_O8T9Z,Adamawa,2021-11-14
20260413_library_D_P7C2B,Adamawa,2021-11-14
20260413_library_D_T4I9P,Adamawa,2021-10-21
20260413_library_D_T9H3N,Adamawa,2021-11-18
20260413_library_D_U5I7P,Adamawa,2021-10-30
20260413_library_D_U6I4N,Adamawa,2021-11-18
20260413_library_D_U9I0M,Adamawa,2021-11-19
20260413_library_D_V4X8G,Adamawa,2021-11-13
20260413_library_D_W9B5M,Adamawa,2021-11-19
Taraba_Adamawa_F3W5K,Adamawa,2021-10-21
Taraba_Adamawa_O3W0O,Adamawa,2021-11-18
Taraba_Adamawa_Y1C6I,Adamawa,2021-10-21
20260423_library_E_A2C6K,Akwa ibom,2021-10-27
20260423_library_E_A5E4N,Akwa ibom,2021-11-16
20260423_library_E_A9M1W,Akwa ibom,2021-11-18
20260423_library_E_B4N1T,Akwa ibom,2021-11-16
20260423_library_E_C5C4N,Akwa ibom,2021-10-26
20260423_library_E_C9J4Y,Akwa ibom,2021-11-01
20260423_library_E_D1S6D,Akwa ibom,2021-11-18
20260423_library_E_E1V0B,Akwa ibom,2021-11-12
20260423_library_E_E8V5N,Akwa ibom,2021-11-17
20260423_library_E_F1J3S,Akwa ibom,2021-11-12
20260423_library_E_F5M9G,Akwa ibom,2021-11-09
20260423_library_E_G3D0M,Akwa ibom,2021-11-17
20260423_library_E_G5D8W,Akwa ibom,2021-10-26
20260423_library_E_G7O2E,Akwa ibom,2021-11-08
20260423_library_E_H3N1Y,Akwa ibom,2021-11-16
20260423_library_E_I0Q8H,Akwa ibom,2021-10-26
20260423_library_E_I9S4O,Akwa ibom,2021-11-17
20260423_library_E_J7I9I,Akwa ibom,2021-10-26
20260423_library_E_L2P1E,Akwa ibom,2021-11-12
20260423_library_E_L6K0C,Akwa ibom,2021-11-18
20260423_library_E_M3H9G,Akwa ibom,2021-11-11
20260423_library_E_N8V2T,Akwa ibom,2021-11-18
20260423_library_E_N9G8L,Akwa ibom,2021-11-16
20260423_library_E_O2A5V,Akwa ibom,2021-10-27
20260423_library_E_O7L1I,Akwa ibom,2021-10-27
20260423_library_E_P5U2R,Akwa ibom,2021-10-26
20260423_library_E_P7H6K,Akwa ibom,2021-10-26
20260423_library_E_P7L5N,Akwa ibom,2021-11-18
20260423_library_E_Q0L5H,Akwa ibom,2021-11-11
20260423_library_E_Q8Y4C,Akwa ibom,2021-10-26
20260423_library_E_R1G8H,Akwa ibom,2021-10-25
20260423_library_E_R8J0J,Akwa ibom,2021-10-26
20260423_library_E_S3N6P,Akwa ibom,2021-10-26
20260423_library_E_S6F6K,Akwa ibom,2021-10-26
20260423_library_E_T7S4X,Akwa ibom,2021-11-04
20260423_library_E_T8B8L,Akwa ibom,2021-11-16
20260423_library_E_U2L5N,Akwa ibom,2021-11-13
20260423_library_E_U6N1P,Akwa ibom,2021-11-18
20260423_library_E_U8Q4X,Akwa ibom,2021-10-27
20260423_library_E_V9W1D,Akwa ibom,2021-10-26
20260423_library_E_Y2Z0B,Akwa ibom,2021-10-27
20260423_library_E_Z7T7I,Akwa ibom,2021-11-16
20260730_rv466_plate_2_C7E2P,Anambra,2021-11-02
20260730_rv466_plate_2_D5E2O,Anambra,2021-10-23
20260730_rv466_plate_2_L9Y8C,Anambra,2021-10-26
20260730_rv466_plate_2_M5Y6W,Anambra,2021-10-26
20260730_rv466_plate_2_P2A6X,Anambra,2021-10-28
20260730_rv466_plate_2_Q3I2E,Anambra,2021-10-23
20260730_rv466_plate_2_R5Z6D,Anambra,2021-11-02
20260730_rv466_plate_2_U4Q7W,Anambra,2021-11-02
20260730_rv466_plate_2_W2V5Z,Anambra,2021-10-23
20260730_rv466_plate_2_W6T1X,Anambra,2021-10-26
Bauchi_plate_1_A1U8E,Bauchi,2021-10-15
Bauchi_plate_1_A4Z6K,Bauchi,2021-10-20
Bauchi_plate_1_A7I5U,Bauchi,2021-11-01
Bauchi_plate_1_A9K5Y,Bauchi,2021-11-17
Bauchi_plate_1_B4D6O,Bauchi,2021-11-23
Bauchi_plate_1_B5D0J,Bauchi,2021-11-03
Bauchi_plate_1_B5O3X,Bauchi,2021-11-03
Bauchi_plate_1_B6L1T,Bauchi,2021-11-01
Bauchi_plate_1_B7B1K,Bauchi,2021-10-25
Bauchi_plate_1_B8V5K,Bauchi,2021-11-17
Bauchi_plate_1_B9K5Z,Bauchi,2021-10-19
Bauchi_plate_1_B9T1F,Bauchi,2021-10-22
Bauchi_plate_1_D0C1G,Bauchi,2021-11-03
Bauchi_plate_1_D0F9R,Bauchi,2021-10-15
Bauchi_plate_1_D1R9F,Bauchi,2021-10-25
Bauchi_plate_1_D2N5X,Bauchi,2021-10-20
Bauchi_plate_1_D3D9S,Bauchi,2021-10-20
Bauchi_plate_1_D3Q5C,Bauchi,2021-11-17
Bauchi_plate_1_D7N7F,Bauchi,2021-11-17
Bauchi_plate_1_D7W5M,Bauchi,2021-10-31
Bauchi_plate_1_D7Y6P,Bauchi,2021-11-13
Bauchi_plate_1_E2O6B,Bauchi,2021-10-16
Bauchi_plate_1_E2X7L,Bauchi,2021-11-13
Bauchi_plate_1_E6A9T,Bauchi,2021-11-03
Bauchi_plate_1_E9J9G,Bauchi,2021-11-06
Bauchi_plate_1_E9S4K,Bauchi,2021-11-03
Bauchi_plate_1_F1U3E,Bauchi,2021-11-18
Bauchi_plate_1_F8V2L,Bauchi,2021-10-22
Bauchi_plate_1_G3L2W,Bauchi,2021-11-03
Bauchi_plate_1_G4R6I,Bauchi,2021-11-06
Bauchi_plate_1_G9K8I,Bauchi,2021-11-17
Bauchi_plate_1_H6I7D,Bauchi,2021-11-13
Bauchi_plate_1_H8R7O,Bauchi,2021-10-20
Bauchi_plate_1_H9C6Y,Bauchi,2021-11-01
Bauchi_plate_1_I1B1L,Bauchi,2021-11-07
Bauchi_plate_1_I3Z6R,Bauchi,2021-11-03
Bauchi_plate_1_I5T3K,Bauchi,2021-10-20
Bauchi_plate_1_I7I8G,Bauchi,2021-11-03
Bauchi_plate_1_I9V0N,Bauchi,2021-11-03
Bauchi_plate_1_J0K2V,Bauchi,2021-11-17
Bauchi_plate_1_J0M2X,Bauchi,2021-11-17
Bauchi_plate_1_J0T1E,Bauchi,2021-11-06
Bauchi_plate_1_J2Y4O,Bauchi,2021-10-16
Bauchi_plate_1_J4H3X,Bauchi,2021-11-13
Bauchi_plate_1_J4N6H,Bauchi,2021-10-25
Bauchi_plate_1_J8Z5W,Bauchi,2021-11-17
Bauchi_plate_1_K3L2B,Bauchi,2021-11-01
Bauchi_plate_1_K4Z1P,Bauchi,2021-10-22
Bauchi_plate_1_K5E5Y,Bauchi,2021-10-15
Bauchi_plate_1_K5P8N,Bauchi,2021-11-13
Bauchi_plate_1_K5Q5L,Bauchi,2021-11-13
Bauchi_plate_1_K7N3I,Bauchi,2021-11-03
Bauchi_plate_1_L1L0X,Bauchi,2021-11-06
Bauchi_plate_1_L2K6E,Bauchi,2021-11-07
Bauchi_plate_1_L4P7M,Bauchi,2021-11-03
Bauchi_plate_1_L7O9Q,Bauchi,2021-11-08
Bauchi_plate_1_L9G7I,Bauchi,2021-11-07
Bauchi_plate_1_M0N8I,Bauchi,2021-11-23
Bauchi_plate_1_M0W5O,Bauchi,2021-10-25
Bauchi_plate_1_M3G6C,Bauchi,2021-11-07
Bauchi_plate_1_M4L7J,Bauchi,2021-11-25
Bauchi_plate_1_M4O5K,Bauchi,2021-11-13
Bauchi_plate_1_M4U0L,Bauchi,2021-11-04
Bauchi_plate_1_M8G9K,Bauchi,2021-11-01
Bauchi_plate_1_M9J6L,Bauchi,2021-11-13
Bauchi_plate_1_N3U2N,Bauchi,2021-10-25
Bauchi_plate_1_N5Z0S,Bauchi,2021-10-25
Bauchi_plate_1_N9N6Q,Bauchi,2021-11-03
Bauchi_plate_1_O1G4Z,Bauchi,2021-11-25
Bauchi_plate_1_O6S2P,Bauchi,2021-11-03
Bauchi_plate_1_O8K2J,Bauchi,2021-10-25
Bauchi_plate_1_P0L9K,Bauchi,2021-11-03
Bauchi_plate_1_P1N9N,Bauchi,2021-11-03
Bauchi_plate_1_P4E1Y,Bauchi,2021-10-18
Bauchi_plate_1_P7V1T,Bauchi,2021-10-21
Bauchi_plate_1_Q2A5X,Bauchi,2021-10-20
Bauchi_plate_1_Q2Q3M,Bauchi,2021-11-13
Bauchi_plate_1_Q2Y2T,Bauchi,2021-11-03
Bauchi_plate_1_Q3Z9D,Bauchi,2021-10-21
Bauchi_plate_1_R3G9K,Bauchi,2021-11-01
Bauchi_plate_1_R4A8E,Bauchi,2021-10-22
Bauchi_plate_1_R7Q3S,Bauchi,2021-11-13
Bauchi_plate_1_S0F6E,Bauchi,2021-11-17
Bauchi_plate_1_V7J5R,Bauchi,2021-11-03
Bauchi_plate_1_W2V2W,Bauchi,2021-11-13
Bauchi_plate_1_X3R5X,Bauchi,2021-10-23
Bauchi_plate_1_Y0P2Q,Bauchi,2021-11-03
Bauchi_plate_1_Y3L4R,Bauchi,2021-11-06
Bauchi_plate_1_Y5X7J,Bauchi,2021-11-13
Bauchi_plate_1_Z1N0O,Bauchi,2021-11-04
Bauchi_plate_1_Z3K8V,Bauchi,2021-11-07
Bauchi_plate_1_Z4H1M,Bauchi,2021-11-17
Bauchi_plate_1_Z6P1W,Bauchi,2021-10-25
Bauchi_plate_1_Z8N2X,Bauchi,2021-11-13
Gombe_Bauchi_S8N7V,Bauchi,2021-10-25
Gombe_Bauchi_S9F5M,Bauchi,2021-11-03
Gombe_Bauchi_T2P5Q,Bauchi,2021-11-23
Gombe_Bauchi_U4E6J,Bauchi,2021-10-15
Gombe_Bauchi_U5N1O,Bauchi,2021-11-17
Gombe_Bauchi_V0H1E,Bauchi,2021-11-01
Gombe_Bauchi_V1W3W,Bauchi,2021-11-03
Gombe_Bauchi_V6A5H,Bauchi,2021-10-18
Gombe_Bauchi_V7B2G,Bauchi,2021-11-13
Gombe_Bauchi_V7I0L,Bauchi,2021-11-13
Gombe_Bauchi_Y3L4R,Bauchi,2021-11-06
20260521_library_1_B7G9X,Bayelsa,2021-11-24
20260521_library_1_B9Y3M,Bayelsa,2021-11-04
20260521_library_1_C8H1S,Bayelsa,2021-11-08
20260521_library_1_E7F9Z,Bayelsa,2021-11-04
20260521_library_1_E8K1X,Bayelsa,2021-12-05
20260521_library_1_F0B5L,Bayelsa,2021-11-18
20260521_library_1_H9Z3T,Bayelsa,2021-11-08
20260521_library_1_I0J3U,Bayelsa,2021-11-11
20260521_library_1_I1Q0Z,Bayelsa,2021-11-09
20260521_library_1_I7A4T,Bayelsa,2021-11-24
20260521_library_1_I9Q0I,Bayelsa,2021-11-08
20260521_library_1_J7D3W,Bayelsa,2021-12-05
20260521_library_1_K8E1X,Bayelsa,2021-11-24
20260521_library_1_K8R5P,Bayelsa,2021-12-05
20260521_library_1_M5E0V,Bayelsa,2021-11-11
20260521_library_1_M6J2E,Bayelsa,2021-12-05
20260521_library_1_M7E2Z,Bayelsa,2021-11-08
20260521_library_1_N3L4G,Bayelsa,2021-11-18
20260521_library_1_N7Q0L,Bayelsa,2021-12-05
20260521_library_1_N9L1J,Bayelsa,2021-11-01
20260521_library_1_O0Q1G,Bayelsa,2021-12-05
20260521_library_1_O0Y4R,Bayelsa,2021-12-05
20260521_library_1_P1P8O,Bayelsa,2021-10-24
20260521_library_1_P2N8N,Bayelsa,2021-12-05
20260521_library_1_P3K3G,Bayelsa,2021-10-24
20260521_library_1_P7F5H,Bayelsa,2021-12-05
20260521_library_1_Q7I7N,Bayelsa,2021-11-08
20260521_library_1_S3Z1W,Bayelsa,2021-12-05
20260521_library_1_S5T6X,Bayelsa,2021-11-11
20260521_library_1_T0B9E,Bayelsa,2021-11-08
20260521_library_1_U6F2I,Bayelsa,2021-11-18
20260521_library_1_V0L0H,Bayelsa,2021-11-09
20260521_library_1_V0T6V,Bayelsa,2021-11-18
20260521_library_1_V6Q0S,Bayelsa,2021-11-24
20260521_library_1_X1K0J,Bayelsa,2021-11-18
20260521_library_1_Y6G2N,Bayelsa,2021-11-01
20260521_library_1_Z0F1G,Bayelsa,2021-10-24
20260521_library_1_Z8G1P,Bayelsa,2021-11-18
20260521_library_1_Z8V7L,Bayelsa,2021-11-24
20260521_library_2_A1Q7Y,Benue,2021-11-07
20260521_library_2_A4T0X,Benue,2021-10-29
20260521_library_2_B0Y7H,Benue,2021-11-16
20260521_library_2_C4V5H,Benue,2021-10-19
20260521_library_2_D2R0W,Benue,2021-11-03
20260521_library_2_D4B7P,Benue,2021-11-05
20260521_library_2_E3X8N,Benue,
20260521_library_2_E4S8J,Benue,2021-10-29
20260521_library_2_F6W3L,Benue,2021-11-02
20260521_library_2_F6X3M,Benue,2021-10-29
20260521_library_2_F7E7X,Benue,2021-11-19
20260521_library_2_G4Y2L,Benue,
20260521_library_2_G5H5X,Benue,2021-11-02
20260521_library_2_H7V2M,Benue,2021-11-02
20260521_library_2_I1L2W,Benue,2021-10-28
20260521_library_2_I3W4M,Benue,2021-10-21
20260521_library_2_I3Z5Q,Benue,2021-10-29
20260521_library_2_I4K7E,Benue,2021-10-28
20260521_library_2_I6I6D,Benue,2021-11-04
20260521_library_2_K1M1Y,Benue,2021-11-05
20260521_library_2_L2D5V,Benue,2021-11-05
20260521_library_2_L7F4C,Benue,2021-11-04
20260521_library_2_M3B6W,Benue,2021-10-21
20260521_library_2_N0I9F,Benue,2021-10-28
20260521_library_2_N8Z7D,Benue,2021-11-16
20260521_library_2_N9Q3Q,Benue,2021-10-28
20260521_library_2_O2C3V,Benue,2021-10-29
20260521_library_2_O7S1P,Benue,2021-11-16
20260521_library_2_O8V4W,Benue,2021-11-06
20260521_library_2_P0N1E,Benue,2021-10-24
20260521_library_2_P6N0J,Benue,2021-11-01
20260521_library_2_Q1J0B,Benue,2021-11-03
20260521_library_2_Q6V3V,Benue,2021-11-16
20260521_library_2_R1W4T,Benue,2021-10-28
20260521_library_2_R8E6K,Benue,2021-11-03
20260521_library_2_S1J2F,Benue,2021-11-03
20260521_library_2_S7O6U,Benue,2021-10-28
20260521_library_2_T7N1P,Benue,2021-11-04
20260521_library_2_T8C0E,Benue,2021-11-03
20260521_library_2_U3R5U,Benue,2021-10-19
20260521_library_2_U8M9Y,Benue,2021-11-01
20260521_library_2_V0D3C,Benue,2021-11-16
20260521_library_2_V1D8I,Benue,2021-11-19
20260521_library_2_X5T8F,Benue,2021-11-19
20260521_library_2_Y5X0C,Benue,2021-10-19
20260521_library_2_Z9G7W,Benue,2021-11-05
Yobe_Borno_B1W6F,Borno,2021-11-13
Yobe_Borno_D6C0L,Borno,2021-10-20
Yobe_Borno_E1B0G,Borno,2021-11-14
Yobe_Borno_E3O5B,Borno,2021-10-26
Yobe_Borno_E4A1J,Borno,2021-10-23
Yobe_Borno_E5O3B,Borno,2021-11-12
Yobe_Borno_F1I8W,Borno,2021-10-26
Yobe_Borno_G2N8E,Borno,2021-10-26
Yobe_Borno_G6U4L,Borno,2021-10-23
Yobe_Borno_H3E8W,Borno,2021-10-26
Yobe_Borno_H9L9L,Borno,2021-10-26
Yobe_Borno_J5Q4J,Borno,2021-11-03
Yobe_Borno_L0O0Z,Borno,2021-11-13
Yobe_Borno_O0R6M,Borno,2021-10-21
Yobe_Borno_O7I9N,Borno,2021-11-12
Yobe_Borno_P3Z4W,Borno,2021-11-10
Yobe_Borno_T3Q7U,Borno,2021-11-12
Yobe_Borno_m6n1h,Borno,
20260521_library_1_A1P3T,Cross river,2021-10-29
20260521_library_1_A8I5V,Cross river,2021-10-27
20260521_library_1_B7X8O,Cross river,2021-10-29
20260521_library_1_E3A0H,Cross river,2021-10-27
20260521_library_1_F5F3S,Cross river,2021-10-27
20260521_library_1_G6D1Q,Cross river,2021-10-31
20260521_library_1_H3P3D,Cross river,2021-10-27
20260521_library_1_I6T3L,Cross river,2021-10-30
20260521_library_1_I9M0E,Cross river,2021-10-29
20260521_library_1_K4O0D,Cross river,2021-10-29
20260521_library_1_K5F1V,Cross river,2021-10-29
20260521_library_1_L8W8Y,Cross river,2021-10-29
20260521_library_1_M4U9U,Cross river,2021-10-29
20260521_library_1_N5F6E,Cross river,2021-10-29
20260521_library_1_N5S3O,Cross river,2021-10-27
20260521_library_1_P7L4M,Cross river,2021-10-31
20260521_library_1_P7Q4R,Cross river,2021-10-27
20260521_library_1_R6Y6D,Cross river,2021-11-02
20260521_library_1_U7I8S,Cross river,2021-10-27
20260521_library_1_W8U3D,Cross river,2021-10-31
20260521_library_1_W8Y4I,Cross river,2021-10-29
20260521_library_1_Y9H3S,Cross river,2021-10-29
20260521_library_2_A3R9E,Delta,2021-11-01
20260521_library_2_A8F6T,Delta,2021-10-31
20260521_library_2_B9V5L,Delta,2021-10-31
20260521_library_2_C9D8W,Delta,2021-11-01
20260521_library_2_D2F3N,Delta,2021-10-27
20260521_library_2_D4Y4K,Delta,2021-11-06
20260521_library_2_D7G9Z,Delta,2021-11-06
20260521_library_2_D9F8Z,Delta,2021-11-07
20260521_library_2_E0P7B,Delta,2021-11-19
20260521_library_2_E1D0I,Delta,2021-11-25
20260521_library_2_E2W3G,Delta,2021-11-20
20260521_library_2_F4B2M,Delta,2021-11-09
20260521_library_2_F4F1P,Delta,2021-11-03
20260521_library_2_F5Y1K,Delta,2021-11-22
20260521_library_2_G1F8U,Delta,2021-11-11
20260521_library_2_G2N8E,Delta,2021-10-26
20260521_library_2_H1E6S,Delta,2021-11-06
20260521_library_2_H3U7M,Delta,2021-11-11
20260521_library_2_H4F1R,Delta,2021-10-27
20260521_library_2_I5V9S,Delta,2021-10-26
20260521_library_2_I9S1L,Delta,2021-11-22
20260521_library_2_J7E8D,Delta,2021-10-27
20260521_library_2_L1I0U,Delta,2021-11-01
20260521_library_2_L6J6H,Delta,2021-11-01
20260521_library_2_P2Y7X,Delta,2021-11-10
20260521_library_2_P6O0K,Delta,2021-11-09
20260521_library_2_R2L8N,Delta,2021-11-12
20260521_library_2_R8I9R,Delta,2021-10-26
20260521_library_2_S6E5I,Delta,2021-10-31
20260521_library_2_S8J5P,Delta,2021-11-20
20260521_library_2_S8K6R,Delta,2021-10-26
20260521_library_2_T1D5D,Delta,2021-11-25
20260521_library_2_T4L9S,Delta,2021-10-31
20260521_library_2_U8Z6J,Delta,2021-11-09
20260521_library_2_V1Q3Q,Delta,2021-11-06
20260521_library_2_V6E5L,Delta,2021-10-31
20260521_library_2_X0O6S,Delta,2021-10-27
20260525_library_3_B1V6E,Ebonyi,2021-10-24
20260525_library_3_B1W3C,Ebonyi,2021-10-24
20260525_library_3_B2K1O,Ebonyi,2021-10-24
20260525_library_3_B2Z4H,Ebonyi,2021-11-12
20260525_library_3_B3C0G,Ebonyi,2021-11-18
20260525_library_3_B8W3J,Ebonyi,2021-11-17
20260525_library_3_B8X7O,Ebonyi,2021-11-10
20260525_library_3_C0U4B,Ebonyi,2021-10-28
20260525_library_3_D6M4Z,Ebonyi,2021-10-27
20260525_library_3_E1U2C,Ebonyi,2021-11-19
20260525_library_3_E4F5S,Ebonyi,2021-11-17
20260525_library_3_E5C6R,Ebonyi,2021-11-13
20260525_library_3_E8Z5R,Ebonyi,2021-10-28
20260525_library_3_F0C9Q,Ebonyi,2021-11-17
20260525_library_3_F0O7B,Ebonyi,2021-11-21
20260525_library_3_F6K7D,Ebonyi,2021-10-30
20260525_library_3_F7H3W,Ebonyi,2021-10-30
20260525_library_3_F9H8E,Ebonyi,2021-10-30
20260525_library_3_G4G0Q,Ebonyi,2021-11-12
20260525_library_3_G4X8Q,Ebonyi,2021-11-12
20260525_library_3_I4G1T,Ebonyi,2021-11-12
20260525_library_3_I8E3X,Ebonyi,2021-11-13
20260525_library_3_J2P4F,Ebonyi,2021-11-13
20260525_library_3_J6N2F,Ebonyi,2021-11-11
20260525_library_3_K2E1R,Ebonyi,2021-11-13
20260525_library_3_K5X8V,Ebonyi,2021-11-09
20260525_library_3_L6N8N,Ebonyi,2021-11-10
20260525_library_3_M7Y5X,Ebonyi,2021-11-17
20260525_library_3_N3Z4U,Ebonyi,2021-11-19
20260525_library_3_N8R9W,Ebonyi,2021-10-30
20260525_library_3_O2N5J,Ebonyi,2021-11-18
20260525_library_3_P0C5W,Ebonyi,2021-10-23
20260525_library_3_P8T9B,Ebonyi,2021-11-10
20260525_library_3_Q0J9J,Ebonyi,2021-11-12
20260525_library_3_Q1Y1R,Ebonyi,2021-11-17
20260525_library_3_T5M2N,Ebonyi,2021-11-12
20260525_library_3_T9X5G,Ebonyi,2021-11-13
20260525_library_3_U1E7H,Ebonyi,2021-10-23
20260525_library_3_U5P1Q,Ebonyi,2021-10-23
20260525_library_3_V3Y1Y,Ebonyi,2021-11-10
20260525_library_3_V9K5U,Ebonyi,2021-10-27
20260525_library_3_W0G4H,Ebonyi,2021-11-18
20260525_library_3_W7S1X,Ebonyi,2021-10-24
20260525_library_3_X6L1Q,Ebonyi,2021-11-10
20260525_library_3_X7K8X,Ebonyi,2021-11-11
20260525_library_3_X9X4J,Ebonyi,2021-11-12
20260525_library_3_Y1B8J,Ebonyi,2021-11-12
20260525_library_3_Y1U2W,Ebonyi,2021-10-30
20260525_library_3_Y2Y1B,Ebonyi,2021-11-13
20260525_library_3_Y3H0J,Ebonyi,2021-11-19
20260525_library_3_Y3H7Q,Ebonyi,2021-11-19
20260525_library_3_Z7J4U,Ebonyi,2021-11-21
20260525_library_3_Z9R2D,Ebonyi,2021-11-13
20260423_library_E_D7U1G,Edo,2021-11-11
20260423_library_E_E7V1I,Edo,2021-10-30
20260423_library_E_I9T7S,Edo,2021-11-15
20260423_library_E_L7Q4N,Edo,2021-10-20
20260423_library_E_M8U6V,Edo,2021-11-11
20260423_library_E_Q0A4U,Edo,2021-10-30
20260423_library_E_Q6J3J,Edo,2021-11-13
20260423_library_E_R1W1Q,Edo,2021-10-21
20260423_library_E_R4W8B,Edo,2021-11-10
20260423_library_E_R6O5R,Edo,2021-10-23
20260423_library_E_R8S7Z,Edo,2021-11-12
20260423_library_E_T0L1G,Edo,2021-10-30
20260423_library_E_T1Z2W,Edo,2021-11-13
20260423_library_E_V0J0F,Edo,2021-11-10
20260423_library_E_W2I6N,Edo,2021-11-13
20260423_library_E_Y7L1S,Edo,2021-11-06
20260521_library_1_A3Y5H,Ekiti,2021-11-09
20260521_library_1_A6F0L,Ekiti,2021-11-03
20260521_library_1_B0I5O,Ekiti,2021-10-20
20260521_library_1_G8Q2H,Ekiti,2021-11-09
20260521_library_1_H9Q9Q,Ekiti,2021-11-16
20260521_library_1_J1B4P,Ekiti,2021-11-10
20260521_library_1_J3D0P,Ekiti,2021-11-09
20260521_library_1_K8A2U,Ekiti,2021-11-03
20260521_library_1_K8L5J,Ekiti,2021-11-01
20260521_library_1_N0J8F,Ekiti,2021-11-09
20260521_library_1_N9T0Q,Ekiti,2021-11-09
20260521_library_1_Q4O2L,Ekiti,2021-11-01
20260521_library_1_R0C8C,Ekiti,2021-11-10
20260521_library_1_S9C5J,Ekiti,2021-11-15
20260521_library_1_U5N9W,Ekiti,2021-11-10
20260521_library_1_U9L5U,Ekiti,2021-11-09
20260521_library_1_V1R7V,Ekiti,2021-11-09
20260521_library_1_V5R1T,Ekiti,2021-11-10
20260521_library_1_V5S2V,Ekiti,2021-11-09
20260521_library_1_V5T7C,Ekiti,2021-10-21
20260521_library_1_V9D4M,Ekiti,2021-11-05
20260521_library_1_Y8F5R,Ekiti,2021-11-05
20260521_library_1_Y9E6S,Ekiti,2021-10-20
03062026_Enugu_Imo_A5B1H,Enugu,2021-10-29
03062026_Enugu_Imo_B0M5S,Enugu,2021-11-13
03062026_Enugu_Imo_B1Z1D,Enugu,2021-11-22
03062026_Enugu_Imo_B5E6Q,Enugu,2021-11-19
03062026_Enugu_Imo_B5X3H,Enugu,2021-11-20
03062026_Enugu_Imo_C5F1N,Enugu,2021-11-21
03062026_Enugu_Imo_D8K3Y,Enugu,2021-10-27
03062026_Enugu_Imo_D8L9G,Enugu,2021-11-07
03062026_Enugu_Imo_F9S8P,Enugu,2021-11-22
03062026_Enugu_Imo_H7R8O,Enugu,2021-11-22
03062026_Enugu_Imo_J3N6G,Enugu,2021-11-22
03062026_Enugu_Imo_J9C1V,Enugu,2021-11-11
03062026_Enugu_Imo_K4K4D,Enugu,2021-11-21
03062026_Enugu_Imo_K4T3L,Enugu,2021-11-18
03062026_Enugu_Imo_K5W2O,Enugu,
03062026_Enugu_Imo_N4U6S,Enugu,2021-11-22
03062026_Enugu_Imo_N7F6G,Enugu,2021-11-07
03062026_Enugu_Imo_P7Q2P,Enugu,2021-11-11
03062026_Enugu_Imo_P8K4M,Enugu,2021-11-18
03062026_Enugu_Imo_Q2O4L,Enugu,2021-11-07
03062026_Enugu_Imo_Q3Z5Y,Enugu,2021-10-29
03062026_Enugu_Imo_Q4I4H,Enugu,2021-11-17
03062026_Enugu_Imo_Q6Y3Y,Enugu,2021-10-29
03062026_Enugu_Imo_Q8S6X,Enugu,2021-11-21
03062026_Enugu_Imo_R2U3R,Enugu,2021-11-21
03062026_Enugu_Imo_R6S2S,Enugu,2021-11-17
03062026_Enugu_Imo_T3C1Z,Enugu,2021-11-20
03062026_Enugu_Imo_T6U1V,Enugu,2021-11-20
03062026_Enugu_Imo_U6E0F,Enugu,2021-11-17
03062026_Enugu_Imo_U8R0U,Enugu,2021-10-29
03062026_Enugu_Imo_V0W5X,Enugu,2021-11-11
03062026_Enugu_Imo_V4S6Y,Enugu,2021-11-07
03062026_Enugu_Imo_V7S1W,Enugu,2021-10-27
03062026_Enugu_Imo_V9I8V,Enugu,2021-11-22
03062026_Enugu_Imo_W8A2H,Enugu,2021-11-07
03062026_Enugu_Imo_W9P4Z,Enugu,2021-11-07
03062026_Enugu_Imo_W9Q1X,Enugu,2021-10-29
03062026_Enugu_Imo_X5C4J,Enugu,2021-11-20
03062026_Enugu_Imo_X9W0E,Enugu,2021-11-16
03062026_Enugu_Imo_Y5W9K,Enugu,2021-11-07
03062026_Enugu_Imo_Z8N8E,Enugu,2021-11-19
20260526_library_4_A1J3N,Federal capital territory,2021-10-18
20260526_library_4_C7G4T,Federal capital territory,
20260526_library_4_C7N2Y,Federal capital territory,2021-10-24
20260526_library_4_C8I7Z,Federal capital territory,2021-10-24
20260526_library_4_D9W1K,Federal capital territory,2021-10-25
20260526_library_4_E0S7E,Federal capital territory,2021-10-24
20260526_library_4_E2T8I,Federal capital territory,2021-10-21
20260526_library_4_F4P3C,Federal capital territory,2021-10-16
20260526_library_4_F8I1W,Federal capital territory,2021-10-16
20260526_library_4_G3N2Y,Federal capital territory,2021-10-18
20260526_library_4_G5E8X,Federal capital territory,2021-10-15
20260526_library_4_G8R7N,Federal capital territory,2021-11-16
20260526_library_4_H0N3X,Federal capital territory,2021-10-15
20260526_library_4_H5S1G,Federal capital territory,2021-10-19
20260526_library_4_H6E3U,Federal capital territory,2021-10-25
20260526_library_4_I0D6R,Federal capital territory,2021-10-24
20260526_library_4_I0J0R,Federal capital territory,2021-10-18
20260526_library_4_I1Q9J,Federal capital territory,2021-10-25
20260526_library_4_I6G5Z,Federal capital territory,2021-10-16
20260526_library_4_J2M4C,Federal capital territory,2021-10-19
20260526_library_4_K1K3Y,Federal capital territory,2021-10-15
20260526_library_4_L0U0G,Federal capital territory,2021-10-19
20260526_library_4_L6B3V,Federal capital territory,2021-10-15
20260526_library_4_M1S0G,Federal capital territory,2021-10-25
20260526_library_4_M3I9H,Federal capital territory,2021-10-25
20260526_library_4_M5W3R,Federal capital territory,2021-11-16
20260526_library_4_N4T5Q,Federal capital territory,2021-10-25
20260526_library_4_P4C6C,Federal capital territory,2021-10-24
20260526_library_4_P9W2X,Federal capital territory,2021-10-15
20260526_library_4_Q2L9N,Federal capital territory,2021-10-20
20260526_library_4_S2V9Z,Federal capital territory,2021-10-25
20260526_library_4_S5X1W,Federal capital territory,2021-10-25
20260526_library_4_T5Q2R,Federal capital territory,2021-10-16
20260526_library_4_T6H0H,Federal capital territory,2021-10-19
20260526_library_4_U8F3L,Federal capital territory,2021-10-25
20260526_library_4_W3Y7G,Federal capital territory,2021-10-24
20260526_library_4_W7C4K,Federal capital territory,2021-11-09
20260526_library_4_W7P4X,Federal capital territory,2021-10-15
20260526_library_4_W8L7X,Federal capital territory,2021-10-24
20260526_library_4_X6F3M,Federal capital territory,2021-11-16
Gombe_Bauchi_A3B4I,Gombe,2021-10-28
Gombe_Bauchi_A4R1W,Gombe,2021-10-28
Gombe_Bauchi_B1B9M,Gombe,2021-10-20
Gombe_Bauchi_C0R9D,Gombe,2021-10-28
Gombe_Bauchi_C4K9Z,Gombe,2021-10-23
Gombe_Bauchi_D5W5K,Gombe,2021-10-28
Gombe_Bauchi_E7D2Q,Gombe,2021-10-23
Gombe_Bauchi_E7Y0K,Gombe,2021-10-23
Gombe_Bauchi_G4U7M,Gombe,2021-10-24
Gombe_Bauchi_H2H9Z,Gombe,2021-10-26
Gombe_Bauchi_H7L8I,Gombe,2021-10-23
Gombe_Bauchi_H8B3T,Gombe,2021-10-28
Gombe_Bauchi_I7U3N,Gombe,2021-10-28
Gombe_Bauchi_K7C3W,Gombe,2021-10-28
Gombe_Bauchi_K8Q4N,Gombe,2021-10-23
Gombe_Bauchi_M6N8O,Gombe,2021-10-26
Gombe_Bauchi_N0Q5J,Gombe,2021-10-28
Gombe_Bauchi_O0E9C,Gombe,
Gombe_Bauchi_O3R7Q,Gombe,2021-10-23
Gombe_Bauchi_O5F1Z,Gombe,2021-11-09
Gombe_Bauchi_O6N6O,Gombe,2021-10-26
Gombe_Bauchi_P5U5U,Gombe,2021-10-20
Gombe_Bauchi_P6K0G,Gombe,2021-10-28
Gombe_Bauchi_Q3X6X,Gombe,2021-10-23
Gombe_Bauchi_Q6U2T,Gombe,2021-10-26
Gombe_Bauchi_S2V2S,Gombe,2021-10-23
Gombe_Bauchi_T0E9H,Gombe,2021-11-23
Gombe_Bauchi_U1Q8U,Gombe,2021-10-23
Gombe_Bauchi_U4Z6F,Gombe,2021-11-09
Gombe_Bauchi_W7P1U,Gombe,2021-10-26
Gombe_Bauchi_W9I5T,Gombe,2021-10-20
Gombe_Bauchi_Y0U0T,Gombe,2021-10-28
Gombe_Bauchi_Y4S6C,Gombe,2021-10-23
Gombe_Bauchi_Z0E2G,Gombe,2021-10-21
Gombe_Bauchi_Z2B4H,Gombe,2021-10-23
Gombe_Bauchi_Z7D2M,Gombe,2021-11-04
03062026_Enugu_Imo_B6S0Z,Imo,2021-11-18
03062026_Enugu_Imo_C7I6X,Imo,2021-11-19
03062026_Enugu_Imo_F4G3S,Imo,2021-11-17
03062026_Enugu_Imo_F9U1K,Imo,2021-11-21
03062026_Enugu_Imo_G1E5Q,Imo,2021-11-20
03062026_Enugu_Imo_G7Y2O,Imo,2021-10-22
03062026_Enugu_Imo_I1U8M,Imo,2021-10-26
03062026_Enugu_Imo_I2E9X,Imo,2021-10-26
03062026_Enugu_Imo_I6F7B,Imo,2021-11-14
03062026_Enugu_Imo_J2Z0L,Imo,2021-11-12
03062026_Enugu_Imo_K4D4V,Imo,2021-11-18
03062026_Enugu_Imo_M1U7P,Imo,2021-11-21
03062026_Enugu_Imo_M4V6S,Imo,2021-11-26
03062026_Enugu_Imo_N5Z5X,Imo,2021-11-19
03062026_Enugu_Imo_O0D7Y,Imo,2021-11-20
03062026_Enugu_Imo_Q4G6H,Imo,2021-11-20
03062026_Enugu_Imo_T5M6R,Imo,2021-11-13
03062026_Enugu_Imo_U0O2L,Imo,2021-11-18
03062026_Enugu_Imo_V1O3O,Imo,2021-11-12
03062026_Enugu_Imo_W3U6B,Imo,2021-11-21
03062026_Enugu_Imo_W4J4O,Imo,2021-10-22
03062026_Enugu_Imo_X5E7O,Imo,2021-11-21
03062026_Enugu_Imo_Z1N8W,Imo,2021-11-19
Jigawa_plate_1_panel_2_A0C5H,Jigawa,2021-11-15
Jigawa_plate_1_panel_2_A1R1T,Jigawa,2021-10-21
Jigawa_plate_1_panel_2_A2Y8J,Jigawa,2021-11-11
Jigawa_plate_1_panel_2_A3G8R,Jigawa,2021-10-28
Jigawa_plate_1_panel_2_A7E6R,Jigawa,2021-11-11
Jigawa_plate_1_panel_2_A7N2W,Jigawa,2021-10-20
Jigawa_plate_1_panel_2_A9B3N,Jigawa,2021-11-11
Jigawa_plate_1_panel_2_B0A7I,Jigawa,2021-11-24
Jigawa_plate_1_panel_2_B1K1N,Jigawa,2021-11-11
Jigawa_plate_1_panel_2_B1U9G,Jigawa,2021-10-27
Jigawa_plate_1_panel_2_B4Y2G,Jigawa,2021-10-20
Jigawa_plate_1_panel_2_B5T0Z,Jigawa,2021-10-20
Jigawa_plate_1_panel_2_B9U3I,Jigawa,2021-11-12
Jigawa_plate_1_panel_2_C1Y8K,Jigawa,2021-10-20
Jigawa_plate_1_panel_2_C3A5K,Jigawa,2021-10-20
Jigawa_plate_1_panel_2_C8F3S,Jigawa,2021-10-23
Jigawa_plate_1_panel_2_D2Y4I,Jigawa,2021-10-20
Jigawa_plate_1_panel_2_D6T2F,Jigawa,2021-11-10
Jigawa_plate_1_panel_2_D7H2T,Jigawa,2021-10-27
Jigawa_plate_1_panel_2_D8G2T,Jigawa,2021-11-11
Jigawa_plate_1_panel_2_D8M7F,Jigawa,2021-11-11
Jigawa_plate_1_panel_2_D8Z6R,Jigawa,2021-10-26
Jigawa_plate_1_panel_2_E3P1X,Jigawa,2021-10-27
Jigawa_plate_1_panel_2_E8D3S,Jigawa,2021-11-08
Jigawa_plate_1_panel_2_E8L0X,Jigawa,2021-11-17
Jigawa_plate_1_panel_2_E9N7I,Jigawa,2021-10-27
Jigawa_plate_1_panel_2_F1H3Q,Jigawa,2021-11-12
Jigawa_plate_1_panel_2_F1N0T,Jigawa,2021-11-16
Jigawa_plate_1_panel_2_F3E7T,Jigawa,2021-11-12
Jigawa_plate_1_panel_2_F5S4H,Jigawa,2021-10-20
Jigawa_plate_1_panel_2_F5V5L,Jigawa,2021-11-12
Jigawa_plate_1_panel_2_F6F2S,Jigawa,2021-10-27
Jigawa_plate_1_panel_2_F7O8J,Jigawa,2021-11-05
Jigawa_plate_1_panel_2_F8A8V,Jigawa,2021-11-12
Jigawa_plate_1_panel_2_F8F9C,Jigawa,2021-10-20
Jigawa_plate_1_panel_2_G2T8K,Jigawa,2021-10-29
Jigawa_plate_1_panel_2_G4T4I,Jigawa,2021-10-27
Jigawa_plate_1_panel_2_G6U9Q,Jigawa,2021-10-20
Jigawa_plate_1_panel_2_G7G4X,Jigawa,2021-10-20
Jigawa_plate_1_panel_2_H1K2U,Jigawa,2021-11-04
Jigawa_plate_1_panel_2_H2N6D,Jigawa,2021-11-03
Jigawa_plate_1_panel_2_H9H0X,Jigawa,2021-10-22
Jigawa_plate_1_panel_2_I0Y1I,Jigawa,2021-11-11
Jigawa_plate_1_panel_2_I4F7Y,Jigawa,2021-11-09
Jigawa_plate_1_panel_2_I4Q7K,Jigawa,2021-10-20
Jigawa_plate_1_panel_2_I8A6W,Jigawa,2021-10-27
Jigawa_plate_1_panel_2_I9Z0R,Jigawa,2021-10-29
Jigawa_plate_1_panel_2_I9Z7Y,Jigawa,2021-11-11
Jigawa_plate_1_panel_2_J3H7B,Jigawa,2021-10-28
Jigawa_plate_1_panel_2_J3V9R,Jigawa,2021-11-12
Jigawa_plate_1_panel_2_J4L7G,Jigawa,2021-10-27
Jigawa_plate_1_panel_2_J4R2H,Jigawa,2021-10-21
Jigawa_plate_1_panel_2_J5B1Q,Jigawa,2021-10-29
Jigawa_plate_1_panel_2_J5R6M,Jigawa,2021-10-29
Jigawa_plate_1_panel_2_J6L5G,Jigawa,2021-11-11
Jigawa_plate_1_panel_2_J7I3C,Jigawa,2021-11-08
Jigawa_plate_1_panel_2_J9T6S,Jigawa,2021-11-11
Jigawa_plate_1_panel_2_K1J7C,Jigawa,2021-11-11
Jigawa_plate_1_panel_2_K6H1Y,Jigawa,2021-11-04
Jigawa_plate_1_panel_2_L6Q7P,Jigawa,
Jigawa_plate_1_panel_2_M3C5W,Jigawa,2021-11-04
Jigawa_plate_1_panel_2_M6N3J,Jigawa,2021-10-22
Jigawa_plate_1_panel_2_M9G3F,Jigawa,2021-10-29
Jigawa_plate_1_panel_2_M9T2R,Jigawa,2021-10-22
Jigawa_plate_1_panel_2_N3B3U,Jigawa,2021-11-24
Jigawa_plate_1_panel_2_N8C6E,Jigawa,2021-11-09
Jigawa_plate_1_panel_2_N9Y7D,Jigawa,2021-10-23
Jigawa_plate_1_panel_2_O1E9D,Jigawa,2021-10-20
Jigawa_plate_1_panel_2_O3Y0Q,Jigawa,2021-11-16
Jigawa_plate_1_panel_2_O4U3Q,Jigawa,2021-10-20
Jigawa_plate_1_panel_2_O6H9L,Jigawa,2021-11-04
Jigawa_plate_1_panel_2_O7V2T,Jigawa,2021-10-27
Jigawa_plate_1_panel_2_O7W3V,Jigawa,2021-11-12
Jigawa_plate_1_panel_2_O7X0T,Jigawa,2021-11-12
Jigawa_plate_1_panel_2_O9D2D,Jigawa,2021-10-29
Jigawa_plate_1_panel_2_P1E7C,Jigawa,2021-10-27
Jigawa_plate_1_panel_2_P1Z9Z,Jigawa,2021-10-22
Jigawa_plate_1_panel_2_P3O3K,Jigawa,2021-10-27
Jigawa_plate_1_panel_2_P3O9Q,Jigawa,2021-10-27
Jigawa_plate_1_panel_2_P4U9X,Jigawa,2021-10-28
Jigawa_plate_1_panel_2_P6I0E,Jigawa,2021-10-20
Jigawa_plate_1_panel_2_P8T7Y,Jigawa,2021-10-27
Jigawa_plate_1_panel_2_Q2P7P,Jigawa,2021-10-29
Jigawa_plate_1_panel_2_W2D4G,Jigawa,2021-10-27
Jigawa_plate_1_panel_2_W3I7P,Jigawa,2021-10-27
Jigawa_plate_1_panel_2_W3M4Q,Jigawa,2021-10-20
Jigawa_plate_1_panel_2_X2D7K,Jigawa,2021-11-16
Jigawa_plate_1_panel_2_X2N4R,Jigawa,2021-11-08
Jigawa_plate_1_panel_2_X9E3O,Jigawa,2021-11-04
Jigawa_plate_1_panel_2_X9W7L,Jigawa,2021-10-20
Jigawa_plate_1_panel_2_Y2Y8I,Jigawa,2021-11-12
Jigawa_plate_1_panel_2_Y3E2I,Jigawa,2021-11-04
Jigawa_plate_1_panel_2_Y4Y7J,Jigawa,2021-11-17
Jigawa_plate_1_panel_2_Z5C0H,Jigawa,2021-11-04
Sokoto_Jigawa_Q9M8U,Jigawa,2021-11-18
Sokoto_Jigawa_R1T7T,Jigawa,2021-11-11
Sokoto_Jigawa_R5Y0V,Jigawa,2021-10-26
Sokoto_Jigawa_R7Q9Y,Jigawa,2021-10-22
Sokoto_Jigawa_S1J6J,Jigawa,2021-11-02
Sokoto_Jigawa_S8F9P,Jigawa,2021-11-02
Sokoto_Jigawa_S9Y7I,Jigawa,2021-10-27
Sokoto_Jigawa_T4C8I,Jigawa,2021-10-27
Sokoto_Jigawa_T7Y0Z,Jigawa,2021-11-04
Sokoto_Jigawa_T9F0I,Jigawa,2021-11-17
Sokoto_Jigawa_U0B0V,Jigawa,2021-10-18
Sokoto_Jigawa_U0G1C,Jigawa,2021-11-10
Sokoto_Jigawa_U2E1C,Jigawa,2021-11-11
Sokoto_Jigawa_U4M8T,Jigawa,2021-10-20
Sokoto_Jigawa_U5N2P,Jigawa,2021-11-09
Sokoto_Jigawa_U5T8C,Jigawa,2021-11-17
Sokoto_Jigawa_U9S8F,Jigawa,2021-10-27
Sokoto_Jigawa_V1H8M,Jigawa,2021-11-17
Sokoto_Jigawa_V6B3G,Jigawa,2021-10-27
Sokoto_Jigawa_W1C7H,Jigawa,2021-11-17
amplicon_Jigawa_A0C5H,Jigawa,2021-11-15
amplicon_Jigawa_A1R1T,Jigawa,2021-10-21
amplicon_Jigawa_A2Y8J,Jigawa,2021-11-11
amplicon_Jigawa_A3G8R,Jigawa,2021-10-28
amplicon_Jigawa_A7E6R,Jigawa,2021-11-11
amplicon_Jigawa_A7N2W,Jigawa,2021-10-20
amplicon_Jigawa_A9B3N,Jigawa,2021-11-11
amplicon_Jigawa_B0A7I,Jigawa,2021-11-24
amplicon_Jigawa_B1K1N,Jigawa,2021-11-11
amplicon_Jigawa_B1U9G,Jigawa,2021-10-27
amplicon_Jigawa_B4Y2G,Jigawa,2021-10-20
amplicon_Jigawa_B5T0Z,Jigawa,2021-10-20
amplicon_Jigawa_B9U3I,Jigawa,2021-11-12
amplicon_Jigawa_C1Y8K,Jigawa,2021-10-20
amplicon_Jigawa_C3A5K,Jigawa,2021-10-20
amplicon_Jigawa_C8F3S,Jigawa,2021-10-23
amplicon_Jigawa_D2Y4I,Jigawa,2021-10-20
amplicon_Jigawa_D6T2F,Jigawa,2021-11-10
amplicon_Jigawa_D7H2T,Jigawa,2021-10-27
amplicon_Jigawa_D8G2T,Jigawa,2021-11-11
amplicon_Jigawa_D8M7F,Jigawa,2021-11-11
amplicon_Jigawa_D8Z6R,Jigawa,2021-10-26
amplicon_Jigawa_E3P1X,Jigawa,2021-10-27
amplicon_Jigawa_E8D3S,Jigawa,2021-11-08
amplicon_Jigawa_E8L0X,Jigawa,2021-11-17
amplicon_Jigawa_E9N7I,Jigawa,2021-10-27
amplicon_Jigawa_F1H3Q,Jigawa,2021-11-12
amplicon_Jigawa_F1N0T,Jigawa,2021-11-16
amplicon_Jigawa_F3E7T,Jigawa,2021-11-12
amplicon_Jigawa_F5S4H,Jigawa,2021-10-20
amplicon_Jigawa_F5V5L,Jigawa,2021-11-12
amplicon_Jigawa_F6F2S,Jigawa,2021-10-27
amplicon_Jigawa_F7O8J,Jigawa,2021-11-05
amplicon_Jigawa_F8A8V,Jigawa,2021-11-12
amplicon_Jigawa_F8F9C,Jigawa,2021-10-20
amplicon_Jigawa_G2T8K,Jigawa,2021-10-29
amplicon_Jigawa_G4T4I,Jigawa,2021-10-27
amplicon_Jigawa_G6U9Q,Jigawa,2021-10-20
amplicon_Jigawa_G7G4X,Jigawa,2021-10-20
amplicon_Jigawa_H1K2U,Jigawa,2021-11-04
amplicon_Jigawa_H2N6D,Jigawa,2021-11-03
amplicon_Jigawa_H9H0X,Jigawa,2021-10-22
amplicon_Jigawa_I4F7Y,Jigawa,2021-11-09
amplicon_Jigawa_I4Q7K,Jigawa,2021-10-20
amplicon_Jigawa_I8A6W,Jigawa,2021-10-27
amplicon_Jigawa_I9Z0R,Jigawa,2021-10-29
amplicon_Jigawa_I9Z7Y,Jigawa,2021-11-11
amplicon_Jigawa_J3H7B,Jigawa,2021-10-28
amplicon_Jigawa_J3V9R,Jigawa,2021-11-12
amplicon_Jigawa_J4L7G,Jigawa,2021-10-27
amplicon_Jigawa_J4R2H,Jigawa,2021-10-21
amplicon_Jigawa_J5B1Q,Jigawa,2021-10-29
amplicon_Jigawa_J5R6M,Jigawa,2021-10-29
amplicon_Jigawa_J6L5G,Jigawa,2021-11-11
amplicon_Jigawa_J7I3C,Jigawa,2021-11-08
amplicon_Jigawa_J9T6S,Jigawa,2021-11-11
amplicon_Jigawa_K1J7C,Jigawa,2021-11-11
amplicon_Jigawa_K6H1Y,Jigawa,2021-11-04
amplicon_Jigawa_L6Q7P,Jigawa,
amplicon_Jigawa_M3C5W,Jigawa,2021-11-04
amplicon_Jigawa_M6N3J,Jigawa,2021-10-22
amplicon_Jigawa_M9G3F,Jigawa,2021-10-29
amplicon_Jigawa_M9T2R,Jigawa,2021-10-22
amplicon_Jigawa_N3B3U,Jigawa,2021-11-24
amplicon_Jigawa_N8C6E,Jigawa,2021-11-09
amplicon_Jigawa_N9Y7D,Jigawa,2021-10-23
amplicon_Jigawa_O1E9D,Jigawa,2021-10-20
amplicon_Jigawa_O3Y0Q,Jigawa,2021-11-16
amplicon_Jigawa_O4U3Q,Jigawa,2021-10-20
amplicon_Jigawa_O6H9L,Jigawa,2021-11-04
amplicon_Jigawa_O7V2T,Jigawa,2021-10-27
amplicon_Jigawa_O7W3V,Jigawa,2021-11-12
amplicon_Jigawa_O7X0T,Jigawa,2021-11-12
amplicon_Jigawa_O9D2D,Jigawa,2021-10-29
amplicon_Jigawa_P1E7C,Jigawa,2021-10-27
amplicon_Jigawa_P1Z9Z,Jigawa,2021-10-22
amplicon_Jigawa_P3O3K,Jigawa,2021-10-27
amplicon_Jigawa_P3O9Q,Jigawa,2021-10-27
amplicon_Jigawa_P4U9X,Jigawa,2021-10-28
amplicon_Jigawa_P6I0E,Jigawa,2021-10-20
amplicon_Jigawa_P8T7Y,Jigawa,2021-10-27
amplicon_Jigawa_Q2P7P,Jigawa,2021-10-29
amplicon_Jigawa_Q9M8U,Jigawa,2021-11-18
amplicon_Jigawa_R1T7T,Jigawa,2021-11-11
amplicon_Jigawa_R5Y0V,Jigawa,2021-10-26
amplicon_Jigawa_R7Q9Y,Jigawa,2021-10-22
amplicon_Jigawa_S1J6J,Jigawa,2021-11-02
amplicon_Jigawa_S8F9P,Jigawa,2021-11-02
amplicon_Jigawa_S9Y7I,Jigawa,2021-10-27
amplicon_Jigawa_T4C8I,Jigawa,2021-10-27
amplicon_Jigawa_T7Y0Z,Jigawa,2021-11-04
amplicon_Jigawa_T9F0I,Jigawa,2021-11-17
Kano_Kaduna_A2J1M,Kaduna,2021-10-31
Kano_Kaduna_C6Z0I,Kaduna,2021-10-20
Kano_Kaduna_C7N8F,Kaduna,2021-11-19
Kano_Kaduna_C7Z0J,Kaduna,2021-10-29
Kano_Kaduna_D2S0X,Kaduna,2021-11-08
Kano_Kaduna_F0A2H,Kaduna,2021-11-27
Kano_Kaduna_F2Z6N,Kaduna,2021-11-09
Kano_Kaduna_F9D8Z,Kaduna,2021-11-22
Kano_Kaduna_H1J9B,Kaduna,2021-11-03
Kano_Kaduna_H1U6J,Kaduna,2021-10-31
Kano_Kaduna_H3V3J,Kaduna,2021-11-27
Kano_Kaduna_J2G8Z,Kaduna,2021-11-27
Kano_Kaduna_M0G2U,Kaduna,2021-11-27
Kano_Kaduna_M3X3Q,Kaduna,2021-10-29
Kano_Kaduna_M3Z9Y,Kaduna,2021-11-08
Kano_Kaduna_M4W5S,Kaduna,2021-11-27
Kano_Kaduna_N0B0O,Kaduna,2021-10-20
Kano_Kaduna_O3G9H,Kaduna,2021-11-03
Kano_Kaduna_O5H3E,Kaduna,2021-11-22
Kano_Kaduna_P2S4O,Kaduna,2021-10-29
Kano_Kaduna_Q0R6O,Kaduna,2021-11-03
Kano_Kaduna_Q4R6S,Kaduna,2021-10-19
Kano_Kaduna_Q7Y9G,Kaduna,2021-11-27
Kano_Kaduna_R0A7Y,Kaduna,2021-11-22
Kano_Kaduna_R0U1N,Kaduna,2021-11-22
Kano_Kaduna_R9X0Y,Kaduna,2021-10-31
Kano_Kaduna_S0Z0S,Kaduna,2021-11-27
Kano_Kaduna_S1S0M,Kaduna,2021-11-22
Kano_Kaduna_S2O0J,Kaduna,2021-10-30
Kano_Kaduna_S3D7G,Kaduna,2021-11-22
Kano_Kaduna_S3U9Z,Kaduna,2021-11-09
Kano_Kaduna_S5A1Y,Kaduna,2021-11-22
Kano_Kaduna_S9D6L,Kaduna,2021-11-27
Kano_Kaduna_U0K2H,Kaduna,2021-11-27
Kano_Kaduna_U3Z6E,Kaduna,2021-11-03
Kano_Kaduna_V7N4U,Kaduna,2021-11-22
Kano_Kaduna_W0U9B,Kaduna,2021-11-27
Kano_Kaduna_W8C5M,Kaduna,2021-11-08
Kano_Kaduna_X1P8W,Kaduna,2021-11-22
Kano_Kaduna_X5C3I,Kaduna,2021-10-19
Kano_Kaduna_X6U9I,Kaduna,2021-11-27
Kano_Kaduna_X9Q4C,Kaduna,2021-11-22
Kano_Kaduna_Y0X9G,Kaduna,2021-11-22
Kano_Kaduna_Y3W9I,Kaduna,2021-11-27
Kano_Kaduna_Z1F4K,Kaduna,2021-11-22
Kano_Kaduna_Z3G2L,Kaduna,2021-10-31
Kano_Kaduna_Z3P8B,Kaduna,2021-11-27
Kano_A0J3M,Kano,2021-11-26
Kano_A1D0E,Kano,2021-11-10
Kano_A2R7B,Kano,2021-10-29
Kano_A2V3B,Kano,2021-11-06
Kano_A3X7I,Kano,2021-11-22
Kano_A5R8F,Kano,2021-10-18
Kano_A7I1Q,Kano,2021-11-02
Kano_B1X4E,Kano,2021-11-04
Kano_B3N5W,Kano,2021-10-29
Kano_B6B8Q,Kano,2021-10-29
Kano_B9A6Q,Kano,2021-10-29
Kano_C1H8S,Kano,2021-11-16
Kano_C1K9W,Kano,2021-11-02
Kano_C4E8S,Kano,2021-11-26
Kano_C4P1W,Kano,2021-11-11
Kano_C4T0Z,Kano,2021-10-29
Kano_C5U1D,Kano,2021-10-29
Kano_C8S3G,Kano,2021-10-21
Kano_D3S7G,Kano,2021-11-04
Kano_D9B3Q,Kano,2021-11-10
Kano_D9F2T,Kano,2021-11-08
Kano_E0O9C,Kano,2021-11-11
Kano_E3E2N,Kano,2021-11-02
Kano_E3N6B,Kano,2021-10-29
Kano_E3Q9H,Kano,2021-11-08
Kano_F0L2S,Kano,2021-10-29
Kano_F0Z8N,Kano,2021-11-08
Kano_F2E2N,Kano,2021-10-29
Kano_F5R0C,Kano,2021-10-29
Kano_F6T3I,Kano,2021-10-22
Kano_F7A3P,Kano,2021-11-17
Kano_F7F4V,Kano,2021-11-02
Kano_G0G9V,Kano,2021-11-04
Kano_G2G8W,Kano,2021-10-28
Kano_G2I3T,Kano,2021-10-18
Kano_G2K6Y,Kano,2021-11-17
Kano_H2A0J,Kano,2021-11-16
Kano_H2H6W,Kano,2021-10-22
Kano_H5B3Q,Kano,2021-11-20
Kano_I1H4U,Kano,2021-11-04
Kano_I1O1Y,Kano,2021-10-29
Kano_I1O5D,Kano,2021-10-18
Kano_I5N3E,Kano,2021-10-22
Kano_I7P4J,Kano,2021-10-29
Kano_I7W6S,Kano,2021-11-20
Kano_I8R0I,Kano,2021-11-04
Kano_J0G9Y,Kano,2021-11-04
Kano_J2I0T,Kano,2021-11-04
Kano_J3L2Z,Kano,2021-10-29
Kano_J4Y9V,Kano,2021-11-02
Kano_J5J6E,Kano,2021-11-16
Kano_J5U8R,Kano,2021-11-28
Kano_J7Y1Q,Kano,2021-11-26
Kano_K1S8M,Kano,2021-11-16
Kano_K2P2E,Kano,2021-11-04
Kano_K2W7Q,Kano,2021-10-29
Kano_K5T7Q,Kano,2021-10-18
Kano_K7H8H,Kano,2021-11-08
Kano_Kaduna_R8X6E,Kano,2021-10-18
Kano_Kaduna_R9C9M,Kano,2021-11-20
Kano_Kaduna_S3T9Y,Kano,2021-11-04
Kano_Kaduna_S7S9C,Kano,2021-11-28
Kano_Kaduna_S8S1U,Kano,2021-11-10
Kano_Kaduna_T3W2V,Kano,2021-11-20
Kano_Kaduna_T8A3F,Kano,2021-11-26
Kano_Kaduna_T8V9H,Kano,2021-11-04
Kano_Kaduna_T9C0F,Kano,2021-11-26
Kano_Kaduna_U2O1M,Kano,2021-11-26
Kano_Kaduna_U3Q1P,Kano,2021-11-04
Kano_Kaduna_U4N9V,Kano,2021-10-27
Kano_Kaduna_U7Q5X,Kano,2021-11-10
Kano_Kaduna_U9C9P,Kano,2021-11-03
Kano_Kaduna_U9H3O,Kano,2021-11-02
Kano_Kaduna_V1G0D,Kano,2021-11-22
Kano_Kaduna_V3Y7F,Kano,2021-11-29
Kano_Kaduna_V5F4K,Kano,2021-11-06
Kano_Kaduna_V7D6M,Kano,2021-11-10
Kano_Kaduna_W2C6H,Kano,2021-11-02
Kano_Kaduna_W4W6E,Kano,2021-10-29
Kano_Kaduna_W5Y5G,Kano,2021-11-02
Kano_Kaduna_W7L8X,Kano,2021-10-27
Kano_Kaduna_W7W2D,Kano,2021-10-22
Kano_Kaduna_X1A8H,Kano,2021-11-26
Kano_Kaduna_X4E5L,Kano,2021-11-10
Kano_Kaduna_X5B8M,Kano,2021-10-29
Kano_Kaduna_X6C5L,Kano,2021-11-10
Kano_Kaduna_X7Q1W,Kano,2021-11-10
Kano_Kaduna_X8I4S,Kano,2021-11-04
Kano_Kaduna_X9G7U,Kano,2021-11-20
Kano_L4I7F,Kano,2021-11-02
Kano_M0K5C,Kano,2021-11-06
Kano_M1R9O,Kano,2021-11-26
Kano_M2Z1P,Kano,2021-11-23
Kano_M4J0Z,Kano,2021-11-06
Kano_M4P1H,Kano,2021-11-04
Kano_M6A2U,Kano,2021-11-16
Kano_M6T4Q,Kano,2021-11-27
Kano_N0M0Z,Kano,2021-11-29
Kano_N3Q3K,Kano,2021-11-28
Kano_N7P8S,Kano,2021-10-29
Kano_N9P9V,Kano,2021-11-02
Kano_O2J4E,Kano,2021-10-22
Kano_O4L2G,Kano,2021-11-16
Kano_O9R0P,Kano,2021-11-20
Kano_P0F5Z,Kano,2021-11-20
Kano_P2B2U,Kano,2021-11-04
Kano_P4X4V,Kano,2021-11-04
Kano_Q1N0F,Kano,2021-11-10
Kano_Q2O0H,Kano,2021-10-22
Kano_Q3Y4W,Kano,2021-10-18
Kano_Q7F8L,Kano,2021-11-11
Kano_Q7Q1P,Kano,2021-11-26
Kano_R2P8R,Kano,2021-10-18
Kano_R4P1M,Kano,2021-11-04
Kano_R6O2O,Kano,2021-11-20
Kano_R6R9Y,Kano,2021-11-11
Kano_R7O8V,Kano,2021-11-22
Kano_Y5Y8L,Kano,2021-11-04
Kano_Y6M8Z,Kano,2021-11-20
Kano_Y7A8O,Kano,2021-11-04
Kano_Y7C3L,Kano,2021-10-18
Kano_Y9C5P,Kano,2021-11-22
Kano_Z6M7Z,Kano,2021-10-18
Kano_Z7Q5D,Kano,2021-11-20
Kano_Z7V7K,Kano,2021-11-20
Katsina_Zamfara_U3W3X,Katsina,2021-10-24
Katsina_Zamfara_U4N6S,Katsina,2021-11-03
Katsina_Zamfara_U5Y4D,Katsina,2021-11-03
Katsina_Zamfara_V6G2K,Katsina,2021-11-18
Katsina_Zamfara_V7F4M,Katsina,2021-11-02
Katsina_Zamfara_W0M2L,Katsina,2021-11-22
Katsina_Zamfara_W2P1P,Katsina,2021-10-31
Katsina_Zamfara_W5Q8B,Katsina,2021-10-22
Katsina_Zamfara_W9J8X,Katsina,2021-10-31
Katsina_Zamfara_X5Q8C,Katsina,2021-10-29
Katsina_Zamfara_X6H3O,Katsina,2021-10-24
Katsina_Zamfara_X6Y9M,Katsina,2021-10-24
Katsina_plate_1_panel_1_A1F6M,Katsina,2021-10-31
Katsina_plate_1_panel_1_A2O9Z,Katsina,2021-10-24
Katsina_plate_1_panel_1_A2Y4F,Katsina,2021-10-24
Katsina_plate_1_panel_1_A4Q8D,Katsina,2021-11-23
Katsina_plate_1_panel_1_B1D6C,Katsina,
Katsina_plate_1_panel_1_B6R9I,Katsina,2021-11-16
Katsina_plate_1_panel_1_B7V8M,Katsina,2021-10-28
Katsina_plate_1_panel_1_B9C4Q,Katsina,2021-10-25
Katsina_plate_1_panel_1_C6D4P,Katsina,2021-11-22
Katsina_plate_1_panel_1_C7Z2L,Katsina,2021-11-22
Katsina_plate_1_panel_1_C9B3P,Katsina,2021-11-21
Katsina_plate_1_panel_1_C9P0B,Katsina,2021-10-28
Katsina_plate_1_panel_1_D1U4D,Katsina,2021-11-18
Katsina_plate_1_panel_1_D4T8J,Katsina,2021-11-25
Katsina_plate_1_panel_1_D6K8C,Katsina,2021-10-24
Katsina_plate_1_panel_1_E8J3Y,Katsina,2021-11-18
Katsina_plate_1_panel_1_F6U9P,Katsina,2021-11-18
Katsina_plate_1_panel_1_F9E7Z,Katsina,2021-10-24
Katsina_plate_1_panel_1_G1K9B,Katsina,2021-11-22
Katsina_plate_1_panel_1_G2E0M,Katsina,2021-11-15
Katsina_plate_1_panel_1_G3H3T,Katsina,2021-10-31
Katsina_plate_1_panel_1_G4M5C,Katsina,2021-10-29
Katsina_plate_1_panel_1_G6I6B,Katsina,2021-10-31
Katsina_plate_1_panel_1_H3S8L,Katsina,2021-11-15
Katsina_plate_1_panel_1_H4P8J,Katsina,2021-11-06
Katsina_plate_1_panel_1_I0O5C,Katsina,2021-11-21
Katsina_plate_1_panel_1_I3L9G,Katsina,2021-10-31
Katsina_plate_1_panel_1_I7T1K,Katsina,2021-11-03
Katsina_plate_1_panel_1_J0Q0Z,Katsina,2021-11-01
Katsina_plate_1_panel_1_J1N9H,Katsina,2021-11-15
Katsina_plate_1_panel_1_J3L1Y,Katsina,2021-11-03
Katsina_plate_1_panel_1_J4G7B,Katsina,2021-10-24
Katsina_plate_1_panel_1_J7H6E,Katsina,2021-11-03
Katsina_plate_1_panel_1_K0M5C,Katsina,2021-11-02
Katsina_plate_1_panel_1_K0V4K,Katsina,2021-10-24
Katsina_plate_1_panel_1_K3V7Q,Katsina,2021-10-22
Katsina_plate_1_panel_1_K4I2Y,Katsina,2021-10-24
Katsina_plate_1_panel_1_K6X3R,Katsina,2021-11-18
Katsina_plate_1_panel_1_K8Y0R,Katsina,2021-11-18
Katsina_plate_1_panel_1_L3M7I,Katsina,2021-11-01
Katsina_plate_1_panel_1_L3V5P,Katsina,2021-10-25
Katsina_plate_1_panel_1_L9J1F,Katsina,2021-11-11
Katsina_plate_1_panel_1_M2A2Q,Katsina,2021-10-24
Katsina_plate_1_panel_1_M3N5I,Katsina,2021-10-29
Katsina_plate_1_panel_1_M3Y9X,Katsina,2021-11-03
Katsina_plate_1_panel_1_M5B4W,Katsina,2021-11-18
Katsina_plate_1_panel_1_M6H0Z,Katsina,2021-10-22
Katsina_plate_1_panel_1_M6U9W,Katsina,2021-10-24
Katsina_plate_1_panel_1_M7M3J,Katsina,2021-11-03
Katsina_plate_1_panel_1_M8M7O,Katsina,2021-11-03
Katsina_plate_1_panel_1_N0B0O,Katsina,2021-10-20
Katsina_plate_1_panel_1_N1H8E,Katsina,2021-11-19
Katsina_plate_1_panel_1_N3P6M,Katsina,2021-11-11
Katsina_plate_1_panel_1_N3U4P,Katsina,2021-11-22
Katsina_plate_1_panel_1_N6S9V,Katsina,2021-11-22
Katsina_plate_1_panel_1_N7P3N,Katsina,2021-10-25
Katsina_plate_1_panel_1_O4Y7Y,Katsina,2021-11-01
Katsina_plate_1_panel_1_O5Q2M,Katsina,2021-11-21
Katsina_plate_1_panel_1_O7Z7D,Katsina,2021-11-03
Katsina_plate_1_panel_1_P0H4B,Katsina,2021-11-03
Katsina_plate_1_panel_1_P3X7X,Katsina,2021-11-15
Katsina_plate_1_panel_1_Q0O1G,Katsina,2021-11-15
Katsina_plate_1_panel_1_Q2Q2L,Katsina,2021-11-01
Katsina_plate_1_panel_1_Q5S8W,Katsina,2021-10-29
Katsina_plate_1_panel_1_Q6L3L,Katsina,2021-11-11
Katsina_plate_1_panel_1_Q7K1J,Katsina,2021-11-21
Katsina_plate_1_panel_1_Q8E6T,Katsina,
Katsina_plate_1_panel_1_R0M4I,Katsina,2021-11-19
Katsina_plate_1_panel_1_R0R2L,Katsina,2021-11-25
Katsina_plate_1_panel_1_R0U6S,Katsina,2021-10-26
Katsina_plate_1_panel_1_R3S3Q,Katsina,2021-10-31
Katsina_plate_1_panel_1_R4D6F,Katsina,2021-10-29
Katsina_plate_1_panel_1_R6C4E,Katsina,2021-11-22
Katsina_plate_1_panel_1_R7Y9H,Katsina,2021-11-23
Katsina_plate_1_panel_1_S0K5I,Katsina,2021-11-15
Katsina_plate_1_panel_1_S5G1F,Katsina,2021-11-18
Katsina_plate_1_panel_1_S6K4N,Katsina,2021-10-24
Katsina_plate_1_panel_1_S8B4G,Katsina,2021-11-15
Katsina_plate_1_panel_1_S9O8Y,Katsina,2021-11-03
Katsina_plate_1_panel_1_T1O9S,Katsina,2021-11-03
Katsina_plate_1_panel_1_T3D1B,Katsina,2021-11-03
Katsina_plate_1_panel_1_T4P1O,Katsina,2021-11-19
Katsina_plate_1_panel_2_A1F6M,Katsina,2021-10-31
Katsina_plate_1_panel_2_A2O9Z,Katsina,2021-10-24
Katsina_plate_1_panel_2_A2Y4F,Katsina,2021-10-24
Katsina_plate_1_panel_2_A4Q8D,Katsina,2021-11-23
Katsina_plate_1_panel_2_B1D6C,Katsina,
Katsina_plate_1_panel_2_B6R9I,Katsina,2021-11-16
Katsina_plate_1_panel_2_B7V8M,Katsina,2021-10-28
Katsina_plate_1_panel_2_B9C4Q,Katsina,2021-10-25
Katsina_plate_1_panel_2_C6D4P,Katsina,2021-11-22
Katsina_plate_1_panel_2_C7Z2L,Katsina,2021-11-22
Katsina_plate_1_panel_2_C9B3P,Katsina,2021-11-21
Katsina_plate_1_panel_2_C9P0B,Katsina,2021-10-28
Katsina_plate_1_panel_2_D1U4D,Katsina,2021-11-18
Katsina_plate_1_panel_2_D4T8J,Katsina,2021-11-25
Katsina_plate_1_panel_2_D6K8C,Katsina,2021-10-24
Katsina_plate_1_panel_2_E8J3Y,Katsina,2021-11-18
Katsina_plate_1_panel_2_F6U9P,Katsina,2021-11-18
Katsina_plate_1_panel_2_F9E7Z,Katsina,2021-10-24
Katsina_plate_1_panel_2_G1K9B,Katsina,2021-11-22
Katsina_plate_1_panel_2_G2E0M,Katsina,2021-11-15
Katsina_plate_1_panel_2_G3H3T,Katsina,2021-10-31
Katsina_plate_1_panel_2_G4M5C,Katsina,2021-10-29
Katsina_plate_1_panel_2_G6I6B,Katsina,2021-10-31
Katsina_plate_1_panel_2_H3S8L,Katsina,2021-11-15
Katsina_plate_1_panel_2_H4P8J,Katsina,2021-11-06
Katsina_plate_1_panel_2_I0O5C,Katsina,2021-11-21
Katsina_plate_1_panel_2_I3L9G,Katsina,2021-10-31
Katsina_plate_1_panel_2_I7T1K,Katsina,2021-11-03
Katsina_plate_1_panel_2_J0Q0Z,Katsina,2021-11-01
Katsina_plate_1_panel_2_J1N9H,Katsina,2021-11-15
Katsina_plate_1_panel_2_J3L1Y,Katsina,2021-11-03
Katsina_plate_1_panel_2_J4G7B,Katsina,2021-10-24
Katsina_plate_1_panel_2_J7H6E,Katsina,2021-11-03
Katsina_plate_1_panel_2_K0M5C,Katsina,2021-11-02
Katsina_plate_1_panel_2_K0V4K,Katsina,2021-10-24
Katsina_plate_1_panel_2_K3V7Q,Katsina,2021-10-22
Katsina_plate_1_panel_2_K4I2Y,Katsina,2021-10-24
Katsina_plate_1_panel_2_K6X3R,Katsina,2021-11-18
Katsina_plate_1_panel_2_K8Y0R,Katsina,2021-11-18
Katsina_plate_1_panel_2_L3M7I,Katsina,2021-11-01
Katsina_plate_1_panel_2_L3V5P,Katsina,2021-10-25
Katsina_plate_1_panel_2_L9J1F,Katsina,2021-11-11
Katsina_plate_1_panel_2_M2A2Q,Katsina,2021-10-24
Katsina_plate_1_panel_2_M3N5I,Katsina,2021-10-29
Katsina_plate_1_panel_2_M3Y9X,Katsina,2021-11-03
Katsina_plate_1_panel_2_M5B4W,Katsina,2021-11-18
Katsina_plate_1_panel_2_M6H0Z,Katsina,2021-10-22
Katsina_plate_1_panel_2_M6U9W,Katsina,2021-10-24
Katsina_plate_1_panel_2_M7M3J,Katsina,2021-11-03
Katsina_plate_1_panel_2_M8M7O,Katsina,2021-11-03
Katsina_plate_1_panel_2_N0B0O,Katsina,2021-10-20
Katsina_plate_1_panel_2_N1H8E,Katsina,2021-11-19
Katsina_plate_1_panel_2_N3P6M,Katsina,2021-11-11
Katsina_plate_1_panel_2_N3U4P,Katsina,2021-11-22
Katsina_plate_1_panel_2_N6S9V,Katsina,2021-11-22
Katsina_plate_1_panel_2_N7P3N,Katsina,2021-10-25
Katsina_plate_1_panel_2_O4Y7Y,Katsina,2021-11-01
Katsina_plate_1_panel_2_O5Q2M,Katsina,2021-11-21
Katsina_plate_1_panel_2_O7Z7D,Katsina,2021-11-03
Katsina_plate_1_panel_2_P0H4B,Katsina,2021-11-03
Katsina_plate_1_panel_2_P3X7X,Katsina,2021-11-15
Katsina_plate_1_panel_2_Q0O1G,Katsina,2021-11-15
Katsina_plate_1_panel_2_Q2Q2L,Katsina,2021-11-01
Katsina_plate_1_panel_2_Q5S8W,Katsina,2021-10-29
Katsina_plate_1_panel_2_Q6L3L,Katsina,2021-11-11
Katsina_plate_1_panel_2_Q7K1J,Katsina,2021-11-21
Katsina_plate_1_panel_2_Q8E6T,Katsina,
Katsina_plate_1_panel_2_R0M4I,Katsina,2021-11-19
Katsina_plate_1_panel_2_R0R2L,Katsina,2021-11-25
Katsina_plate_1_panel_2_R0U6S,Katsina,2021-10-26
Katsina_plate_1_panel_2_R3S3Q,Katsina,2021-10-31
Katsina_plate_1_panel_2_R4D6F,Katsina,2021-10-29
Katsina_plate_1_panel_2_R6C4E,Katsina,2021-11-22
Katsina_plate_1_panel_2_R7Y9H,Katsina,2021-11-23
Katsina_plate_1_panel_2_S0K5I,Katsina,2021-11-15
Katsina_plate_1_panel_2_S5G1F,Katsina,2021-11-18
Katsina_plate_1_panel_2_S6K4N,Katsina,2021-10-24
Katsina_plate_1_panel_2_S8B4G,Katsina,2021-11-15
Katsina_plate_1_panel_2_S9O8Y,Katsina,2021-11-03
Katsina_plate_1_panel_2_T1O9S,Katsina,2021-11-03
Katsina_plate_1_panel_2_T3D1B,Katsina,2021-11-03
Katsina_plate_1_panel_2_T4P1O,Katsina,2021-11-19
Katsina_plate_1_panel_2_T7U5B,Katsina,2021-10-24
Katsina_plate_1_panel_2_X7C4L,Katsina,2021-11-02
Katsina_plate_1_panel_2_X9E8T,Katsina,2021-11-18
Katsina_plate_1_panel_2_Y2A4F,Katsina,2021-11-03
Katsina_plate_1_panel_2_Y2M3Q,Katsina,2021-11-01
Katsina_plate_1_panel_2_Y3T7D,Katsina,2021-11-21
Katsina_plate_1_panel_2_Y6J4S,Katsina,2021-10-24
Katsina_plate_1_panel_2_Z2V9H,Katsina,2021-10-29
Katsina_plate_1_panel_2_Z6C6O,Katsina,2021-11-15
Katsina_plate_1_panel_2_Z7H4S,Katsina,2021-10-31
Katsina_plate_1_panel_2_Z9H9Z,Katsina,2021-11-21
Katsina_plate_1_panel_2_Z9K6Z,Katsina,2021-10-29
Kebbi_plate_1_A2L2P,Kebbi,2021-11-04
Kebbi_plate_1_A3A3G,Kebbi,2021-11-04
Kebbi_plate_1_A5X9M,Kebbi,2021-11-23
Kebbi_plate_1_A6N3W,Kebbi,2021-11-11
Kebbi_plate_1_A9Q1B,Kebbi,2021-11-04
Kebbi_plate_1_B0W0X,Kebbi,2021-10-21
Kebbi_plate_1_B2D5L,Kebbi,2021-11-03
Kebbi_plate_1_B2S3Y,Kebbi,2021-11-03
Kebbi_plate_1_B4B6M,Kebbi,2021-10-21
Kebbi_plate_1_B4F0K,Kebbi,2021-11-11
Kebbi_plate_1_B5T7H,Kebbi,2021-11-04
Kebbi_plate_1_B6Y6M,Kebbi,2021-11-08
Kebbi_plate_1_B7K6Y,Kebbi,2021-10-27
Kebbi_plate_1_B7P3B,Kebbi,2021-10-25
Kebbi_plate_1_B7U7K,Kebbi,2021-11-11
Kebbi_plate_1_B8S8K,Kebbi,2021-11-01
Kebbi_plate_1_C4Q2Y,Kebbi,2021-11-04
Kebbi_plate_1_C6S4F,Kebbi,2021-10-27
Kebbi_plate_1_C7A7Q,Kebbi,2021-10-22
Kebbi_plate_1_C8P8I,Kebbi,2021-11-03
Kebbi_plate_1_D0V5E,Kebbi,2021-11-15
Kebbi_plate_1_D1A9N,Kebbi,2021-11-04
Kebbi_plate_1_D1G1L,Kebbi,2021-11-04
Kebbi_plate_1_D1G8S,Kebbi,2021-10-21
Kebbi_plate_1_D2I1O,Kebbi,2021-11-11
Kebbi_plate_1_D3P8E,Kebbi,2021-11-03
Kebbi_plate_1_D3S2B,Kebbi,2021-10-25
Kebbi_plate_1_D4G9W,Kebbi,2021-10-27
Kebbi_plate_1_D4I1Q,Kebbi,2021-11-11
Kebbi_plate_1_D5F1O,Kebbi,2021-11-15
Kebbi_plate_1_D5M0U,Kebbi,2021-11-11
Kebbi_plate_1_D6P6F,Kebbi,2021-11-04
Kebbi_plate_1_D9D4T,Kebbi,2021-11-08
Kebbi_plate_1_E0B2H,Kebbi,2021-11-03
Kebbi_plate_1_E1F6Q,Kebbi,2021-11-03
Kebbi_plate_1_E2W8L,Kebbi,2021-10-19
Kebbi_plate_1_E3L1T,Kebbi,2021-10-27
Kebbi_plate_1_E3X7M,Kebbi,2021-10-28
Kebbi_plate_1_E4U0D,Kebbi,2021-11-08
Kebbi_plate_1_E5Z6P,Kebbi,2021-11-03
Kebbi_plate_1_E6I4W,Kebbi,2021-11-01
Kebbi_plate_1_E7N7G,Kebbi,2021-11-27
Kebbi_plate_1_F0C7O,Kebbi,2021-11-01
Kebbi_plate_1_F2P9G,Kebbi,2021-11-03
Kebbi_plate_1_F7I3X,Kebbi,2021-11-11
Kebbi_plate_1_F7Y0L,Kebbi,2021-11-04
Kebbi_plate_1_F9Q6L,Kebbi,2021-10-18
Kebbi_plate_1_G0B0H,Kebbi,2021-11-03
Kebbi_plate_1_G1J8Y,Kebbi,2021-10-25
Kebbi_plate_1_G2S4F,Kebbi,2021-10-27
Kebbi_plate_1_G2Y0H,Kebbi,2021-11-15
Kebbi_plate_1_G6J0V,Kebbi,2021-11-02
Kebbi_plate_1_H2B8S,Kebbi,2021-10-21
Kebbi_plate_1_H9R0I,Kebbi,2021-11-22
Kebbi_plate_1_I0S8J,Kebbi,2021-11-04
Kebbi_plate_1_I0V7L,Kebbi,2021-11-02
Kebbi_plate_1_I4X0K,Kebbi,2021-11-21
Kebbi_plate_1_I7T0J,Kebbi,2021-11-03
Kebbi_plate_1_J5C0Q,Kebbi,2021-10-27
Kebbi_plate_1_J6K2C,Kebbi,2021-11-15
Kebbi_plate_1_J9E3Z,Kebbi,2021-10-27
Kebbi_plate_1_K1S2G,Kebbi,2021-10-21
Kebbi_plate_1_K2U7O,Kebbi,2021-10-27
Kebbi_plate_1_K2Y5Q,Kebbi,2021-10-18
Kebbi_plate_1_K6L9L,Kebbi,2021-10-25
Kebbi_plate_1_K9X8Z,Kebbi,2021-11-22
Kebbi_plate_1_K9Z7B,Kebbi,2021-11-23
Kebbi_plate_1_L1X3N,Kebbi,2021-11-23
Kebbi_plate_1_L5E3X,Kebbi,2021-11-27
Kebbi_plate_1_L6L0D,Kebbi,2021-11-08
Kebbi_plate_1_M3H7E,Kebbi,2021-11-01
Kebbi_plate_1_M6M2H,Kebbi,2021-11-04
Kebbi_plate_1_M6N2I,Kebbi,2021-10-18
Kebbi_plate_1_M7A8C,Kebbi,2021-11-23
Kebbi_plate_1_M9Z5B,Kebbi,2021-10-27
Kebbi_plate_1_N1A5T,Kebbi,2021-11-08
Kebbi_plate_1_N1H5B,Kebbi,2021-11-03
Kebbi_plate_1_N2M3F,Kebbi,2021-10-27
Kebbi_plate_1_N6H6H,Kebbi,2021-10-19
Kebbi_plate_1_N8S8W,Kebbi,2021-10-27
Kebbi_plate_1_N9I2H,Kebbi,2021-11-08
Kebbi_plate_1_N9T1R,Kebbi,2021-10-28
Kebbi_plate_1_O1B0Q,Kebbi,2021-11-23
Kebbi_plate_1_Y5R0V,Kebbi,2021-11-23
Kebbi_plate_1_Y7W0D,Kebbi,2021-11-22
Kebbi_plate_1_Y8C4N,Kebbi,2021-10-18
Kebbi_plate_1_Y9B2L,Kebbi,2021-10-25
Kebbi_plate_1_Z2B7K,Kebbi,2021-11-04
Kebbi_plate_1_Z2J8T,Kebbi,2021-10-25
Kebbi_plate_1_Z3W3D,Kebbi,2021-11-01
Kebbi_plate_1_Z6O1V,Kebbi,2021-11-03
Kebbi_plate_1_Z9F8W,Kebbi,2021-11-03
Kebbi_plate_1_Z9S3F,Kebbi,2021-10-18
Kebbi_plate_2__O1U5P,Kebbi,2021-11-04
Kebbi_plate_2__O1Y8W,Kebbi,2021-10-27
Kebbi_plate_2__O2J2C,Kebbi,2021-10-27
Kebbi_plate_2__O3E9F,Kebbi,2021-10-21
Kebbi_plate_2__O3T9U,Kebbi,2021-11-03
Kebbi_plate_2__O8O9U,Kebbi,2021-11-03
Kebbi_plate_2__P0Y4S,Kebbi,2021-10-26
Kebbi_plate_2__P1C9C,Kebbi,2021-11-23
Kebbi_plate_2__P1Y6V,Kebbi,2021-10-25
Kebbi_plate_2__P3E3Z,Kebbi,2021-11-01
Kebbi_plate_2__P4I4G,Kebbi,2021-10-25
Kebbi_plate_2__P4I6I,Kebbi,2021-11-04
Kebbi_plate_2__P5P9T,Kebbi,2021-11-01
Kebbi_plate_2__P8K2K,Kebbi,2021-10-27
Kebbi_plate_2__Q0X6U,Kebbi,2021-11-04
Kebbi_plate_2__Q1D0U,Kebbi,2021-11-03
Kebbi_plate_2__Q2C4Y,Kebbi,2021-10-27
Kebbi_plate_2__Q2T8U,Kebbi,2021-11-23
Kebbi_plate_2__Q3K2G,Kebbi,2021-11-11
Kebbi_plate_2__Q4E7G,Kebbi,2021-10-19
Kebbi_plate_2__Q5Z0V,Kebbi,2021-10-18
Kebbi_plate_2__Q7X3Y,Kebbi,2021-11-23
Kebbi_plate_2__R1C0U,Kebbi,2021-11-04
Kebbi_plate_2__R5E9K,Kebbi,2021-11-01
Kebbi_plate_2__R6G0E,Kebbi,2021-10-19
Kebbi_plate_2__R6J6N,Kebbi,2021-10-19
Kebbi_plate_2__R7W4Z,Kebbi,2021-11-23
Kebbi_plate_2__R9U6C,Kebbi,2021-10-27
Kebbi_plate_2__R9V1X,Kebbi,2021-11-23
Kebbi_plate_2__S1V5U,Kebbi,2021-11-03
Kebbi_plate_2__S5D4F,Kebbi,2021-11-05
Kebbi_plate_2__S6E9M,Kebbi,2021-10-25
Kebbi_plate_2__S6K3M,Kebbi,2021-11-03
Kebbi_plate_2__S6K6P,Kebbi,2021-11-23
Kebbi_plate_2__T0Q6Q,Kebbi,2021-10-25
Kebbi_plate_2__T5A1Z,Kebbi,2021-11-23
Kebbi_plate_2__T8X7H,Kebbi,2021-11-11
Kebbi_plate_2__U0Y4X,Kebbi,2021-10-18
Kebbi_plate_2__U3C6G,Kebbi,2021-10-27
Kebbi_plate_2__U4G0F,Kebbi,2021-11-03
Kebbi_plate_2__U4Q6V,Kebbi,2021-11-08
Kebbi_plate_2__U5U7C,Kebbi,2021-11-08
Kebbi_plate_2__U8E0H,Kebbi,2021-10-19
Kebbi_plate_2__U8H4O,Kebbi,2021-11-03
Kebbi_plate_2__U8P8B,Kebbi,2021-11-21
Kebbi_plate_2__V1N9T,Kebbi,2021-11-04
Kebbi_plate_2__V3J7P,Kebbi,2021-11-01
Kebbi_plate_2__V3Z6F,Kebbi,2021-11-03
Kebbi_plate_2__V4J9S,Kebbi,2021-11-08
Kebbi_plate_2__V5W2Z,Kebbi,2021-10-27
Kebbi_plate_2__V6W9I,Kebbi,2021-10-25
Kebbi_plate_2__W2H7N,Kebbi,2021-10-18
Kebbi_plate_2__W3F0F,Kebbi,2021-11-22
Kebbi_plate_2__W4S1U,Kebbi,2021-11-01
Kebbi_plate_2__W5Q5X,Kebbi,2021-11-11
Kebbi_plate_2__W7V2C,Kebbi,2021-11-03
Kebbi_plate_2__W8B7N,Kebbi,2021-11-03
Kebbi_plate_2__W8P8D,Kebbi,2021-10-22
Kebbi_plate_2__X4V8G,Kebbi,2021-11-08
Kebbi_plate_2__X6F0J,Kebbi,2021-10-27
Kebbi_plate_2__X6T6E,Kebbi,2021-10-18
Kebbi_plate_2__X9C8R,Kebbi,2021-10-25
Kebbi_plate_2__Y1D5I,Kebbi,2021-11-08
Kebbi_plate_2__Y3G7P,Kebbi,2021-10-18
Kebbi_plate_2__Y4D7N,Kebbi,2021-10-25
Kebbi_plate_2__Y4J1N,Kebbi,2021-11-04
20260526_library_4_A2K3P,Kogi,2021-11-08
20260526_library_4_A6F9U,Kogi,2021-10-23
20260526_library_4_A8F8V,Kogi,2021-11-11
20260526_library_4_A8N8E,Kogi,2021-10-26
20260526_library_4_A8Z2K,Kogi,2021-10-25
20260526_library_4_B3J8V,Kogi,2021-10-27
20260526_library_4_D1H6R,Kogi,2021-10-27
20260526_library_4_F1P4Z,Kogi,2021-10-24
20260526_library_4_F5N0X,Kogi,2021-10-25
20260526_library_4_J5Q6L,Kogi,2021-10-26
20260526_library_4_J6B4U,Kogi,2021-10-27
20260526_library_4_K2P1D,Kogi,2021-11-21
20260526_library_4_K2U4L,Kogi,2021-10-27
20260526_library_4_K9G1B,Kogi,2021-11-22
20260526_library_4_M5E1W,Kogi,2021-11-20
20260526_library_4_O7I7L,Kogi,2021-10-22
20260526_library_4_Q1B6Y,Kogi,2021-11-22
20260526_library_4_Q5U5V,Kogi,2021-10-20
20260526_library_4_R8C8K,Kogi,2021-10-27
20260526_library_4_S9F0H,Kogi,2021-10-20
20260526_library_4_T8K4Q,Kogi,2021-11-22
20260526_library_4_U3Q4S,Kogi,2021-10-26
20260526_library_4_U6V1X,Kogi,2021-10-25
20260526_library_4_U9Z6K,Kogi,2021-11-06
20260526_library_4_V3C7I,Kogi,2021-11-22
20260526_library_4_V3M7S,Kogi,2021-10-25
20260526_library_4_W0H1F,Kogi,2021-11-20
20260526_library_4_W4S3W,Kogi,2021-10-27
20260526_library_4_X9Y6M,Kogi,2021-11-20
20260526_library_4_Y7E4O,Kogi,2021-10-22
20260423_library_F_C0G7P,Kwara,2021-11-19
20260423_library_F_E7F1R,Kwara,2021-10-20
20260423_library_F_H8H8F,Kwara,2021-11-18
20260423_library_F_K0M1X,Kwara,2021-10-20
20260423_library_F_N9D2C,Kwara,2021-11-19
20260423_library_F_Q4O8R,Kwara,
20260423_library_F_U5U9E,Kwara,2021-10-21
20260423_library_F_Y6U4E,Kwara,2021-11-05
20260423_library_F_Z2K2O,Kwara,2021-11-19
20260608_Ondo_Lagos_Ogun_D4S1B,Lagos,2021-11-04
20260608_Ondo_Lagos_Ogun_I8I7G,Lagos,2021-11-20
20260608_Ondo_Lagos_Ogun_R3Q6R,Lagos,2021-11-20
20260608_Ondo_Lagos_Ogun_X8K5V,Lagos,2021-11-23
20260601_nassarawa_niger_A2Z8K,Nasarawa,2021-11-06
20260601_nassarawa_niger_A3L9X,Nasarawa,2021-11-18
20260601_nassarawa_niger_A4S5C,Nasarawa,2021-11-05
20260601_nassarawa_niger_A8D3O,Nasarawa,2021-11-18
20260601_nassarawa_niger_B5N6Z,Nasarawa,2021-11-19
20260601_nassarawa_niger_C2I0M,Nasarawa,2021-10-18
20260601_nassarawa_niger_C4D5O,Nasarawa,2021-10-26
20260601_nassarawa_niger_C7G5U,Nasarawa,2021-11-06
20260601_nassarawa_niger_C8K3X,Nasarawa,2021-11-18
20260601_nassarawa_niger_D0V8H,Nasarawa,2021-10-18
20260601_nassarawa_niger_E1O1U,Nasarawa,2021-11-05
20260601_nassarawa_niger_E3T7I,Nasarawa,2021-10-18
20260601_nassarawa_niger_E6U2H,Nasarawa,2021-11-12
20260601_nassarawa_niger_E7N4D,Nasarawa,2021-11-06
20260601_nassarawa_niger_E7V0H,Nasarawa,2021-11-09
20260601_nassarawa_niger_F9I5C,Nasarawa,2021-10-18
20260601_nassarawa_niger_F9Q1G,Nasarawa,2021-11-06
20260601_nassarawa_niger_G0I0O,Nasarawa,2021-11-05
20260601_nassarawa_niger_G8B2R,Nasarawa,2021-11-12
20260601_nassarawa_niger_H4Z1M,Nasarawa,2021-10-23
20260601_nassarawa_niger_H6T2J,Nasarawa,2021-11-09
20260601_nassarawa_niger_I4T7N,Nasarawa,2021-10-28
20260601_nassarawa_niger_I5D3T,Nasarawa,2021-10-18
20260601_nassarawa_niger_J5T4M,Nasarawa,2021-10-23
20260601_nassarawa_niger_K1B9V,Nasarawa,2021-10-21
20260601_nassarawa_niger_L1A1N,Nasarawa,2021-11-05
20260601_nassarawa_niger_L1C5T,Nasarawa,2021-10-21
20260601_nassarawa_niger_L1R2G,Nasarawa,2021-10-28
20260601_nassarawa_niger_L3H5B,Nasarawa,2021-10-18
20260601_nassarawa_niger_N0Q8M,Nasarawa,2021-11-12
20260601_nassarawa_niger_N8F0B,Nasarawa,2021-10-18
20260601_nassarawa_niger_O1F2W,Nasarawa,2021-11-06
20260601_nassarawa_niger_O1U8S,Nasarawa,2021-10-18
20260601_nassarawa_niger_O3R5O,Nasarawa,2021-10-29
20260601_nassarawa_niger_P3S2N,Nasarawa,2021-11-18
20260601_nassarawa_niger_P3T9V,Nasarawa,2021-11-18
20260601_nassarawa_niger_P9D5H,Nasarawa,2021-11-06
20260601_nassarawa_niger_Q2D6C,Nasarawa,2021-11-06
20260601_nassarawa_niger_Q2F6E,Nasarawa,2021-11-12
20260601_nassarawa_niger_Q6Q4R,Nasarawa,2021-11-06
20260601_nassarawa_niger_Q8C0B,Nasarawa,2021-10-29
20260601_nassarawa_niger_Q8Z2B,Nasarawa,2021-11-18
20260601_nassarawa_niger_S5N1M,Nasarawa,2021-11-05
20260601_nassarawa_niger_T0U6U,Nasarawa,2021-10-21
20260601_nassarawa_niger_T6W5C,Nasarawa,2021-10-29
20260601_nassarawa_niger_T8X1B,Nasarawa,2021-11-02
20260601_nassarawa_niger_U0J4I,Nasarawa,2021-10-28
20260601_nassarawa_niger_U9M9Z,Nasarawa,2021-11-12
20260601_nassarawa_niger_V2K4M,Nasarawa,2021-10-23
20260601_nassarawa_niger_V3U7B,Nasarawa,2021-11-05
20260601_nassarawa_niger_V5C7K,Nasarawa,2021-10-29
20260601_nassarawa_niger_V7P6Y,Nasarawa,2021-11-10
20260601_nassarawa_niger_W0W0T,Nasarawa,2021-11-05
20260601_nassarawa_niger_W3V6C,Nasarawa,2021-10-23
20260601_nassarawa_niger_W5C8M,Nasarawa,2021-11-12
20260601_nassarawa_niger_W5U3Z,Nasarawa,2021-11-06
20260601_nassarawa_niger_W8I3Q,Nasarawa,2021-10-23
20260601_nassarawa_niger_W9B6N,Nasarawa,2021-10-21
20260601_nassarawa_niger_W9O5Z,Nasarawa,2021-11-18
20260601_nassarawa_niger_Y2F7N,Nasarawa,2021-11-09
20260601_nassarawa_niger_Y9Q2B,Nasarawa,2021-10-29
20260601_nassarawa_niger_Z0F3I,Nasarawa,2021-10-26
20260601_nassarawa_niger_Z2X7H,Nasarawa,2021-10-27
20260601_nassarawa_niger_Z6B7O,Nasarawa,2021-10-26
20260601_nassarawa_niger_Z8U8L,Nasarawa,2021-10-26
20260423_library_E_B7H9Y,Niger,2021-11-19
20260423_library_E_C3K2R,Niger,2021-10-27
20260423_library_E_E3T3E,Niger,2021-10-26
20260423_library_E_G1H2Q,Niger,2021-10-21
20260423_library_E_G3G3S,Niger,2021-10-27
20260423_library_E_H6W0K,Niger,2021-11-19
20260423_library_E_O3H8H,Niger,2021-10-26
20260423_library_E_O4R7R,Niger,2021-11-19
20260423_library_E_R2G7H,Niger,2021-10-23
20260423_library_E_W4B2E,Niger,2021-10-22
20260423_library_E_X6N8Z,Niger,2021-10-22
20260423_library_E_Z9B9T,Niger,2021-10-27
20260423_library_F_B6X8N,Niger,2021-10-27
20260423_library_F_C9I8C,Niger,2021-10-27
20260423_library_F_H9E6B,Niger,
20260423_library_F_L4V7S,Niger,2021-10-27
20260423_library_F_P2H6F,Niger,2021-10-27
20260423_library_F_P7X6B,Niger,2021-10-27
20260423_library_F_Q8H8O,Niger,
20260423_library_F_V3M8T,Niger,2021-10-29
20260423_library_F_Y9U7K,Niger,2021-10-27
20260521_library_1_B6H5T,Niger,2021-10-26
20260521_library_1_C9A9U,Niger,2021-11-02
20260521_library_1_D0U9H,Niger,2021-11-17
20260521_library_1_E4U6J,Niger,2021-11-23
20260521_library_1_G7Y5R,Niger,2021-11-01
20260521_library_1_J9L4I,Niger,2021-11-22
20260521_library_1_L8Q7R,Niger,2021-10-26
20260521_library_1_P8A5D,Niger,2021-11-02
20260521_library_1_T6C1D,Niger,2021-11-17
20260521_library_1_U8V7G,Niger,2021-11-23
20260521_library_2_B2G7Q,Niger,2021-10-22
20260521_library_2_C3S5D,Niger,2021-10-22
20260521_library_2_C5K0R,Niger,2021-10-22
20260521_library_2_E3V3G,Niger,2021-10-22
20260521_library_2_F2F8U,Niger,2021-11-18
20260521_library_2_L6D4Y,Niger,2021-11-19
20260521_library_2_S0I1C,Niger,
20260521_library_2_W8O4X,Niger,2021-10-22
20260525_library_3_B1N1Q,Niger,2021-11-19
20260525_library_3_D2I8V,Niger,2021-10-27
20260525_library_3_H9N4I,Niger,2021-11-19
20260525_library_3_O6L7N,Niger,2021-11-19
20260525_library_3_T4L6P,Niger,2021-11-20
20260525_library_3_U1H0D,Niger,2021-11-19
20260525_library_3_U6R6Y,Niger,2021-11-20
20260525_library_3_U8T4B,Niger,
20260525_library_3_X2L3O,Niger,2021-11-19
20260526_library_4_A5D2K,Niger,2021-11-18
20260526_library_4_C3K2R,Niger,2021-10-27
20260526_library_4_F7L3B,Niger,2021-11-18
20260526_library_4_G6T0G,Niger,2021-11-18
20260526_library_4_G7B0O,Niger,2021-11-18
20260526_library_4_I4M8H,Niger,2021-10-26
20260526_library_4_M9R5S,Niger,2021-11-18
20260526_library_4_R4D9I,Niger,2021-11-18
20260526_library_4_T1T0O,Niger,2021-10-27
20260526_library_4_V8G0K,Niger,2021-11-18
20260601_nassarawa_niger_D9F7Y,Niger,
20260601_nassarawa_niger_F5U5K,Niger,
20260601_nassarawa_niger_H4J9E,Niger,2021-11-20
20260601_nassarawa_niger_J7O9O,Niger,2021-11-20
20260601_nassarawa_niger_K0B8T,Niger,2021-11-20
20260601_nassarawa_niger_Q1J2D,Niger,2021-11-20
20260601_nassarawa_niger_Q2B1U,Niger,2021-11-20
20260608_Ondo_Lagos_Ogun_A8W0F,Ogun,2021-11-20
20260608_Ondo_Lagos_Ogun_B7K7Z,Ogun,2021-10-21
20260608_Ondo_Lagos_Ogun_C0D2H,Ogun,2021-10-21
20260608_Ondo_Lagos_Ogun_F9P8M,Ogun,2021-11-06
20260608_Ondo_Lagos_Ogun_H3Q5G,Ogun,2021-10-22
20260608_Ondo_Lagos_Ogun_J4O2E,Ogun,2021-11-06
20260608_Ondo_Lagos_Ogun_L3I9G,Ogun,2021-11-06
20260608_Ondo_Lagos_Ogun_N0A4R,Ogun,2021-11-06
20260608_Ondo_Lagos_Ogun_N0M2C,Ogun,2021-10-22
20260608_Ondo_Lagos_Ogun_N6N5M,Ogun,2021-10-22
20260608_Ondo_Lagos_Ogun_O6R7T,Ogun,2021-11-06
20260608_Ondo_Lagos_Ogun_P3W3S,Ogun,2021-11-06
20260608_Ondo_Lagos_Ogun_P7O4P,Ogun,2021-10-22
20260608_Ondo_Lagos_Ogun_R1Q0J,Ogun,2021-10-22
20260608_Ondo_Lagos_Ogun_S6P1P,Ogun,2021-11-06
20260608_Ondo_Lagos_Ogun_U2K7O,Ogun,2021-10-21
20260608_Ondo_Lagos_Ogun_Y0C7I,Ogun,2021-11-09
20260608_Ondo_Lagos_Ogun_Y1A3D,Ogun,2021-10-27
20260608_Ondo_Lagos_Ogun_Z0C1D,Ogun,2021-11-10
20260608_Ondo_Lagos_Ogun_A3O1S,Ondo,2021-11-03
20260608_Ondo_Lagos_Ogun_A4D8P,Ondo,2021-11-15
20260608_Ondo_Lagos_Ogun_A5P0U,Ondo,2021-11-19
20260608_Ondo_Lagos_Ogun_A6K1R,Ondo,2021-11-13
20260608_Ondo_Lagos_Ogun_B3J7U,Ondo,2021-10-26
20260608_Ondo_Lagos_Ogun_B5Z1H,Ondo,2021-11-06
20260608_Ondo_Lagos_Ogun_B8O7F,Ondo,2021-11-13
20260608_Ondo_Lagos_Ogun_B9T5J,Ondo,2021-10-30
20260608_Ondo_Lagos_Ogun_C8O4D,Ondo,2021-10-16
20260608_Ondo_Lagos_Ogun_E1K3S,Ondo,2021-11-23
20260608_Ondo_Lagos_Ogun_E7R0D,Ondo,2021-11-15
20260608_Ondo_Lagos_Ogun_F0Z1G,Ondo,2021-10-25
20260608_Ondo_Lagos_Ogun_F2Z1I,Ondo,2021-11-21
20260608_Ondo_Lagos_Ogun_F8J3Z,Ondo,2021-11-22
20260608_Ondo_Lagos_Ogun_G2H2R,Ondo,2021-10-16
20260608_Ondo_Lagos_Ogun_G5G4V,Ondo,2021-11-20
20260608_Ondo_Lagos_Ogun_H1I9Z,Ondo,2021-10-27
20260608_Ondo_Lagos_Ogun_H3Y2L,Ondo,2021-11-06
20260608_Ondo_Lagos_Ogun_H5B8V,Ondo,2021-10-31
20260608_Ondo_Lagos_Ogun_H6B8W,Ondo,2021-10-30
20260608_Ondo_Lagos_Ogun_J5U0J,Ondo,2021-11-22
20260608_Ondo_Lagos_Ogun_J7O6L,Ondo,2021-11-12
20260608_Ondo_Lagos_Ogun_J8S2M,Ondo,2021-11-11
20260608_Ondo_Lagos_Ogun_K3Y0M,Ondo,2021-10-31
20260608_Ondo_Lagos_Ogun_K7B4W,Ondo,2021-11-12
20260608_Ondo_Lagos_Ogun_K9K0E,Ondo,2021-10-20
20260608_Ondo_Lagos_Ogun_L3K6F,Ondo,2021-11-15
20260608_Ondo_Lagos_Ogun_L5D5Y,Ondo,2021-10-17
20260608_Ondo_Lagos_Ogun_M1Q5J,Ondo,2021-11-12
20260608_Ondo_Lagos_Ogun_M2R3J,Ondo,2021-10-25
20260608_Ondo_Lagos_Ogun_N4L2F,Ondo,2021-10-16
20260608_Ondo_Lagos_Ogun_O0G6B,Ondo,2021-11-12
20260608_Ondo_Lagos_Ogun_O8C1Z,Ondo,2021-10-17
20260608_Ondo_Lagos_Ogun_P2L2F,Ondo,2021-10-26
20260608_Ondo_Lagos_Ogun_P3E2Y,Ondo,2021-11-14
20260608_Ondo_Lagos_Ogun_Q4S8V,Ondo,2021-10-18
20260608_Ondo_Lagos_Ogun_Q6J5L,Ondo,2021-11-22
20260608_Ondo_Lagos_Ogun_Q9P8X,Ondo,2021-11-08
20260608_Ondo_Lagos_Ogun_R8N8V,Ondo,2021-11-12
20260608_Ondo_Lagos_Ogun_S2U6V,Ondo,2021-10-17
20260608_Ondo_Lagos_Ogun_S4P0M,Ondo,2021-11-19
20260608_Ondo_Lagos_Ogun_S4V6Y,Ondo,2021-11-03
20260608_Ondo_Lagos_Ogun_S6B9J,Ondo,2021-11-12
20260608_Ondo_Lagos_Ogun_S8M4R,Ondo,2021-11-14
20260608_Ondo_Lagos_Ogun_T0S3P,Ondo,2021-10-25
20260608_Ondo_Lagos_Ogun_T5Y1Y,Ondo,2021-11-12
20260608_Ondo_Lagos_Ogun_U1D7G,Ondo,2021-11-12
20260608_Ondo_Lagos_Ogun_U2Y9F,Ondo,2021-11-22
20260608_Ondo_Lagos_Ogun_V4K9T,Ondo,2021-10-31
20260608_Ondo_Lagos_Ogun_V4Y5E,Ondo,2021-11-12
20260608_Ondo_Lagos_Ogun_V7K1O,Ondo,2021-11-12
20260608_Ondo_Lagos_Ogun_V7S4Z,Ondo,2021-10-18
20260608_Ondo_Lagos_Ogun_W0F8K,Ondo,2021-11-20
20260608_Ondo_Lagos_Ogun_W7V3D,Ondo,2021-11-14
20260608_Ondo_Lagos_Ogun_X6C6M,Ondo,2021-11-21
20260608_Ondo_Lagos_Ogun_Y2S7B,Ondo,2021-10-31
20260608_Ondo_Lagos_Ogun_Y6S9H,Ondo,2021-11-15
20260608_Ondo_Lagos_Ogun_Z3I4P,Ondo,2021-10-31
20260608_Ondo_Lagos_Ogun_Z3I9U,Ondo,2021-10-26
20260608_Ondo_Lagos_Ogun_Z5P2W,Ondo,2021-11-22
20260423_library_F_B4C5M,Osun,2021-10-27
20260423_library_F_B9S4H,Osun,2021-10-25
20260423_library_F_D8B8U,Osun,2021-10-20
20260423_library_F_E0S9G,Osun,2021-10-27
20260423_library_F_E4O0W,Osun,2021-10-27
20260423_library_F_F7D4T,Osun,2021-11-10
20260423_library_F_F9M1C,Osun,2021-10-25
20260423_library_F_H8E6Z,Osun,2021-11-15
20260423_library_F_K3A0N,Osun,2021-10-22
20260423_library_F_K5A6V,Osun,2021-10-20
20260423_library_F_L0S7L,Osun,2021-11-10
20260423_library_F_M3R2J,Osun,2021-10-25
20260423_library_F_P7L4M,Osun,2021-10-31
20260423_library_F_Q8K3M,Osun,2021-10-22
20260423_library_F_Q8L1L,Osun,2021-11-08
20260423_library_F_R2C0V,Osun,2021-10-22
20260423_library_F_S2F0Z,Osun,2021-10-22
20260423_library_F_S5H5K,Osun,2021-11-16
20260423_library_F_S9K0M,Osun,2021-10-25
20260423_library_F_T4J0H,Osun,2021-10-25
20260423_library_F_U3A3B,Osun,2021-11-13
20260423_library_F_Z9O0X,Osun,2021-10-20
20260525_library_3_B9K1V,Oyo,2021-11-21
20260525_library_3_C8F8X,Oyo,2021-11-22
20260525_library_3_D0N6W,Oyo,2021-10-29
20260525_library_3_D2I5S,Oyo,2021-10-21
20260525_library_3_E2Q6D,Oyo,2021-11-11
20260525_library_3_F0U5F,Oyo,2021-11-08
20260525_library_3_F1Y8N,Oyo,2021-10-30
20260525_library_3_F6Y2M,Oyo,2021-11-22
20260525_library_3_G4B8T,Oyo,2021-11-21
20260525_library_3_G7B5T,Oyo,2021-11-22
20260525_library_3_J0I5W,Oyo,2021-10-30
20260525_library_3_J5A8W,Oyo,2021-11-07
20260525_library_3_K3H9E,Oyo,2021-10-17
20260525_library_3_L6E0V,Oyo,2021-10-29
20260525_library_3_L8L7M,Oyo,2021-10-30
20260525_library_3_M3I0X,Oyo,2021-10-23
20260525_library_3_M7X6X,Oyo,2021-11-22
20260525_library_3_N2R5M,Oyo,2021-11-22
20260525_library_3_N5N8O,Oyo,2021-10-21
20260525_library_3_O3D7C,Oyo,2021-11-22
20260525_library_3_O4K0D,Oyo,2021-10-18
20260525_library_3_O7K9P,Oyo,2021-11-03
20260525_library_3_P4G9J,Oyo,2021-10-29
20260525_library_3_Q6Y7D,Oyo,2021-11-04
20260525_library_3_R3F1B,Oyo,2021-10-21
20260525_library_3_S4X1V,Oyo,2021-11-21
20260525_library_3_T4Z1Y,Oyo,2021-11-17
20260525_library_3_U5I8Q,Oyo,2021-11-22
20260525_library_3_X1Q0P,Oyo,2021-10-27
20260525_library_3_X1W3Y,Oyo,2021-10-27
20260525_library_3_X2S4W,Oyo,2021-10-22
20260423_library_F_B4Q4Z,Plateau,2021-11-11
20260423_library_F_B6H3R,Plateau,2021-11-03
20260423_library_F_B9O1Z,Plateau,2021-10-21
20260423_library_F_C3Z1G,Plateau,2021-11-04
20260423_library_F_C6I0Q,Plateau,2021-11-05
20260423_library_F_C7F2Q,Plateau,2021-11-13
20260423_library_F_C9B4Q,Plateau,2021-11-06
20260423_library_F_D7E3R,Plateau,2021-11-05
20260423_library_F_E0B8N,Plateau,2021-11-13
20260423_library_F_E0O4W,Plateau,2021-10-25
20260423_library_F_E9I3Y,Plateau,2021-11-13
20260423_library_F_F3P4C,Plateau,2021-11-13
20260423_library_F_F9G8D,Plateau,2021-10-25
20260423_library_F_F9M7I,Plateau,2021-11-10
20260423_library_F_H3E9X,Plateau,2021-11-12
20260423_library_F_H9I8H,Plateau,2021-11-12
20260423_library_F_I0Z5N,Plateau,2021-11-06
20260423_library_F_I1M9F,Plateau,2021-11-13
20260423_library_F_K0I9C,Plateau,2021-11-01
20260423_library_F_K3C2R,Plateau,2021-10-25
20260423_library_F_K6X0O,Plateau,2021-11-03
20260423_library_F_K7W4S,Plateau,2021-11-12
20260423_library_F_L9L9P,Plateau,2021-10-22
20260423_library_F_L9W8Z,Plateau,2021-10-22
20260423_library_F_M8E3C,Plateau,2021-10-14
20260423_library_F_M8O7Q,Plateau,2021-11-04
20260423_library_F_N3P4K,Plateau,2021-10-25
20260423_library_F_O0Y7U,Plateau,2021-11-13
20260423_library_F_P4C8E,Plateau,2021-11-12
20260423_library_F_P5N4M,Plateau,2021-11-09
20260423_library_F_P5S3Q,Plateau,2021-10-30
20260423_library_F_P6D6F,Plateau,2021-11-13
20260423_library_F_P6G6I,Plateau,2021-10-30
20260423_library_F_Q2D9F,Plateau,2021-11-22
20260423_library_F_Q8J6O,Plateau,2021-11-05
20260423_library_F_R0J6H,Plateau,2021-10-22
20260423_library_F_S2J4I,Plateau,2021-11-13
20260423_library_F_S2N7P,Plateau,2021-11-13
20260423_library_F_S2Q9U,Plateau,2021-11-05
20260423_library_F_S9P0R,Plateau,2021-10-25
20260423_library_F_V3R7X,Plateau,2021-11-03
20260423_library_F_W1F1E,Plateau,2021-11-09
20260423_library_F_W3R6X,Plateau,2021-10-28
20260423_library_F_W9R5D,Plateau,2021-11-12
20260423_library_F_X1A2B,Plateau,2021-11-12
20260423_library_F_X9H7V,Plateau,2021-11-04
20260423_library_F_Y1Z1B,Plateau,2021-10-26
20260423_library_F_Y3B2F,Plateau,2021-10-30
20260423_library_F_Y7O9E,Plateau,2021-11-06
20260423_library_F_Y8K9B,Plateau,2021-10-25
20260423_library_F_Z5R2Y,Plateau,2021-11-05
20260526_library_4_A0W5C,Rivers,2021-11-30
20260526_library_4_B5U2D,Rivers,2021-12-01
20260526_library_4_B9I3V,Rivers,2021-11-30
20260526_library_4_E7X7Q,Rivers,2021-11-30
20260526_library_4_F6F1R,Rivers,2021-11-30
20260526_library_4_K2E7X,Rivers,2021-11-30
20260526_library_4_K4F6Z,Rivers,2021-11-30
20260526_library_4_O0B5U,Rivers,2021-11-30
20260526_library_4_O7R7U,Rivers,2021-10-13
20260526_library_4_Q7B9I,Rivers,2021-12-01
20260526_library_4_T1O1K,Rivers,2021-12-01
20260526_library_4_W7O5X,Rivers,2021-11-30
20260526_library_4_Y4V1Z,Rivers,2021-11-30
Sokoto_Jigawa_Q1J2D,Sokoto,2021-11-20
Sokoto_Jigawa_Q1P0H,Sokoto,2021-10-28
Sokoto_Jigawa_Q3X0R,Sokoto,2021-10-28
Sokoto_Jigawa_Q5N9S,Sokoto,2021-10-31
Sokoto_Jigawa_Q5T4T,Sokoto,
Sokoto_Jigawa_R0R4N,Sokoto,2021-11-12
Sokoto_Jigawa_R5W2V,Sokoto,2021-11-08
Sokoto_Jigawa_R6Q5T,Sokoto,2021-11-03
Sokoto_Jigawa_R7U2V,Sokoto,2021-10-18
Sokoto_Jigawa_R8S9C,Sokoto,2021-10-25
Sokoto_Jigawa_S1T5S,Sokoto,2021-10-31
Sokoto_Jigawa_S6L6Q,Sokoto,2021-10-26
Sokoto_Jigawa_S8I4N,Sokoto,2021-10-31
Sokoto_Jigawa_S8T7C,Sokoto,2021-11-08
Sokoto_Jigawa_S9Y5G,Sokoto,2021-11-08
Sokoto_Jigawa_T0S9V,Sokoto,2021-11-24
Sokoto_Jigawa_T6S6Y,Sokoto,2021-10-25
Sokoto_Jigawa_U0G9K,Sokoto,2021-11-08
Sokoto_Jigawa_U1H8L,Sokoto,
Sokoto_Jigawa_U4A8H,Sokoto,2021-11-11
Sokoto_Jigawa_U4V2W,Sokoto,2021-10-18
Sokoto_Jigawa_U7A9L,Sokoto,2021-11-27
Sokoto_Jigawa_U8A0D,Sokoto,2021-11-22
Sokoto_Jigawa_U8H5P,Sokoto,2021-10-18
Sokoto_Jigawa_U8U7F,Sokoto,2021-10-19
Sokoto_Jigawa_U9U0Y,Sokoto,2021-11-12
Sokoto_Jigawa_V0Y0U,Sokoto,
Sokoto_Jigawa_V2Z6E,Sokoto,2021-10-21
Sokoto_Jigawa_V4A3D,Sokoto,2021-11-03
Sokoto_Jigawa_V4Q3T,Sokoto,2021-11-29
Sokoto_Jigawa_V6P2T,Sokoto,2021-10-28
Sokoto_Jigawa_V7T7E,Sokoto,2021-11-24
Sokoto_Jigawa_V8M1R,Sokoto,2021-11-01
Sokoto_Jigawa_V9U7H,Sokoto,2021-11-08
Sokoto_Jigawa_W0E5G,Sokoto,2021-10-31
Sokoto_Jigawa_W1L3M,Sokoto,2021-11-08
Sokoto_Jigawa_W2C5G,Sokoto,2021-11-11
Sokoto_Jigawa_W2I4L,Sokoto,2021-10-25
Sokoto_Jigawa_W2O2P,Sokoto,2021-10-25
Sokoto_Jigawa_W3A5F,Sokoto,2021-10-27
Sokoto_Jigawa_W4H3L,Sokoto,2021-10-28
Sokoto_Jigawa_W4J9T,Sokoto,2021-10-27
Sokoto_Jigawa_W7N6X,Sokoto,2021-10-18
Sokoto_Jigawa_W7Y1E,Sokoto,2021-11-20
Sokoto_Jigawa_X6T0X,Sokoto,2021-11-08
Sokoto_Jigawa_X9R8H,Sokoto,2021-10-28
Sokoto_Jigawa_Y0S1S,Sokoto,2021-10-25
Sokoto_Jigawa_Y3K7T,Sokoto,2021-11-11
Sokoto_plate_1_A2K3P,Sokoto,2021-11-08
Sokoto_plate_1_A2L3Q,Sokoto,2021-11-12
Sokoto_plate_1_A3G0J,Sokoto,2021-10-23
Sokoto_plate_1_A4I9V,Sokoto,2021-11-24
Sokoto_plate_1_A4M8Y,Sokoto,2021-10-19
Sokoto_plate_1_A7C0J,Sokoto,2021-11-08
Sokoto_plate_1_A7E0L,Sokoto,2021-10-18
Sokoto_plate_1_A9J2U,Sokoto,2021-11-08
Sokoto_plate_1_B2B2G,Sokoto,2021-11-27
Sokoto_plate_1_B2K6T,Sokoto,2021-10-27
Sokoto_plate_1_B2N8Y,Sokoto,2021-11-24
Sokoto_plate_1_B5A8O,Sokoto,2021-11-09
Sokoto_plate_1_B5E7R,Sokoto,2021-11-30
Sokoto_plate_1_B5R2Z,Sokoto,2021-11-11
Sokoto_plate_1_B6O3Y,Sokoto,
Sokoto_plate_1_B8O6E,Sokoto,2021-10-18
Sokoto_plate_1_B9Q6H,Sokoto,2021-11-22
Sokoto_plate_1_C0R3W,Sokoto,2021-11-08
Sokoto_plate_1_C5B6O,Sokoto,2021-11-27
Sokoto_plate_1_C5K8Z,Sokoto,2021-11-03
Sokoto_plate_1_D0K9W,Sokoto,2021-11-11
Sokoto_plate_1_D1O1T,Sokoto,
Sokoto_plate_1_D4L8B,Sokoto,2021-11-27
Sokoto_plate_1_D6O3B,Sokoto,2021-11-27
Sokoto_plate_1_D6Q1B,Sokoto,2021-10-18
Sokoto_plate_1_E1G6R,Sokoto,2021-10-19
Sokoto_plate_1_E4X7N,Sokoto,2021-11-11
Sokoto_plate_1_E4Z0I,Sokoto,2021-11-27
Sokoto_plate_1_E5E4R,Sokoto,
Sokoto_plate_1_E7F7X,Sokoto,2021-11-22
Sokoto_plate_1_F0N5X,Sokoto,2021-11-04
Sokoto_plate_1_F6H2U,Sokoto,2021-11-24
Sokoto_plate_1_F9B8X,Sokoto,2021-11-27
Sokoto_plate_1_F9F2V,Sokoto,2021-11-11
Sokoto_plate_1_F9K8H,Sokoto,2021-11-09
Sokoto_plate_1_G0J3S,Sokoto,2021-10-19
Sokoto_plate_1_G3R7I,Sokoto,2021-10-19
Sokoto_plate_1_H0U6I,Sokoto,2021-10-21
Sokoto_plate_1_H0V0D,Sokoto,2021-11-12
Sokoto_plate_1_H1Z9R,Sokoto,2021-10-31
Sokoto_plate_1_H2G8X,Sokoto,2021-11-11
Sokoto_plate_1_H5C8W,Sokoto,2021-11-08
Sokoto_plate_1_H5O5G,Sokoto,2021-11-04
Sokoto_plate_1_I0E6S,Sokoto,2021-11-03
Sokoto_plate_1_I1M1W,Sokoto,2021-11-11
Sokoto_plate_1_I7H6D,Sokoto,2021-10-31
Sokoto_plate_1_I9R7Q,Sokoto,2021-11-22
Sokoto_plate_1_J0G0P,Sokoto,2021-10-27
Sokoto_plate_1_J1V2I,Sokoto,2021-10-25
Sokoto_plate_1_J1V5L,Sokoto,2021-11-24
Sokoto_plate_1_J2W9R,Sokoto,2021-11-30
Sokoto_plate_1_J3A4Q,Sokoto,2021-11-24
Sokoto_plate_1_J4P6J,Sokoto,2021-11-12
Sokoto_plate_1_J5I2Y,Sokoto,2021-10-26
Sokoto_plate_1_K0Y7Q,Sokoto,2021-11-24
Sokoto_plate_1_K1B6S,Sokoto,2021-10-18
Sokoto_plate_1_K1I1U,Sokoto,2021-10-19
Sokoto_plate_1_K1U7N,Sokoto,2021-11-24
Sokoto_plate_1_K2B5S,Sokoto,2021-11-24
Sokoto_plate_1_K2D9Y,Sokoto,2021-11-30
Sokoto_plate_1_K8H5F,Sokoto,2021-10-19
Sokoto_plate_1_L0K3Y,Sokoto,2021-11-03
Sokoto_plate_1_L0V9Q,Sokoto,2021-11-03
Sokoto_plate_1_L2B8W,Sokoto,2021-11-22
Sokoto_plate_1_L3T5N,Sokoto,2021-10-18
Sokoto_plate_1_L4F0U,Sokoto,2021-11-11
Sokoto_plate_1_L5M7K,Sokoto,2021-10-18
Sokoto_plate_1_L6E9F,Sokoto,2021-11-11
Sokoto_plate_1_L8X8Z,Sokoto,2021-11-11
Sokoto_plate_1_M0B5S,Sokoto,2021-11-08
Sokoto_plate_1_M2E4W,Sokoto,2021-11-27
Sokoto_plate_1_M2T7P,Sokoto,2021-10-28
Sokoto_plate_1_M4V4Q,Sokoto,2021-11-11
Sokoto_plate_1_M9P0L,Sokoto,2021-10-26
Sokoto_plate_1_N1U6P,Sokoto,2021-11-27
Sokoto_plate_1_O0K1Z,Sokoto,2021-10-28
Sokoto_plate_1_O0M4F,Sokoto,2021-11-24
Sokoto_plate_1_P3W0P,Sokoto,2021-10-25
Sokoto_plate_1_P4Y9C,Sokoto,2021-11-24
Sokoto_plate_1_P6W4W,Sokoto,2021-10-19
Sokoto_plate_1_P8E7J,Sokoto,2021-11-12
Sokoto_plate_1_P9Q9Y,Sokoto,2021-11-08
Sokoto_plate_1_Q0Y0P,Sokoto,2021-10-31
Sokoto_plate_1_Y4I9U,Sokoto,2021-11-27
Sokoto_plate_1_Y4M7W,Sokoto,2021-10-19
Sokoto_plate_1_Y4U6E,Sokoto,2021-10-25
Sokoto_plate_1_Y5O5X,Sokoto,2021-11-12
Sokoto_plate_1_Y5R3Y,Sokoto,2021-10-19
Sokoto_plate_1_Y8P2Y,Sokoto,2021-11-24
Sokoto_plate_1_Y8Q2Z,Sokoto,2021-11-08
Sokoto_plate_1_Z0O6U,Sokoto,2021-11-27
Sokoto_plate_1_Z0T4X,Sokoto,2021-11-12
Sokoto_plate_1_Z1A1C,Sokoto,2021-10-28
Sokoto_plate_1_Z8P2X,Sokoto,
20260413_library_D_Y5D5M,Taraba,2021-11-03
20260413_library_D_Z1H8Q,Taraba,2021-11-09
20260413_library_D_Z2J2N,Taraba,2021-10-31
20260413_library_D_Z3L9X,Taraba,2021-11-23
20260413_library_D_Z4L0P,Taraba,2021-11-26
Taraba_Adamawa_A1V3Z,Taraba,2021-10-29
Taraba_Adamawa_A5F0K,Taraba,2021-11-23
Taraba_Adamawa_A6F2N,Taraba,2021-11-26
Taraba_Adamawa_A6Z7N,Taraba,2021-10-31
Taraba_Adamawa_A7I6V,Taraba,2021-10-31
Taraba_Adamawa_A8H2R,Taraba,2021-10-29
Taraba_Adamawa_B2Q5Y,Taraba,2021-10-31
Taraba_Adamawa_B4W2E,Taraba,2021-11-23
Taraba_Adamawa_B6I4T,Taraba,2021-10-29
Taraba_Adamawa_B6P9G,Taraba,2021-10-29
Taraba_Adamawa_C3I8V,Taraba,2021-11-26
Taraba_Adamawa_D0O3U,Taraba,2021-11-27
Taraba_Adamawa_D1C6M,Taraba,2021-11-26
Taraba_Adamawa_D3T2C,Taraba,2021-11-23
Taraba_Adamawa_D7E2Q,Taraba,2021-10-29
Taraba_Adamawa_E1R8F,Taraba,2021-11-09
Taraba_Adamawa_F2Q5D,Taraba,2021-11-23
Taraba_Adamawa_F6K5B,Taraba,2021-10-29
Taraba_Adamawa_G0E3N,Taraba,2021-11-10
Taraba_Adamawa_G1D4O,Taraba,2021-10-31
Taraba_Adamawa_G1W1F,Taraba,2021-11-09
Taraba_Adamawa_G3X9Q,Taraba,2021-11-09
Taraba_Adamawa_G9O8M,Taraba,2021-11-09
Taraba_Adamawa_H9A4U,Taraba,2021-11-23
Taraba_Adamawa_H9F6C,Taraba,2021-10-29
Taraba_Adamawa_H9Q0H,Taraba,2021-10-30
Taraba_Adamawa_I0X7N,Taraba,2021-10-29
Taraba_Adamawa_I1S5H,Taraba,2021-10-22
Taraba_Adamawa_I1X9Q,Taraba,2021-11-23
Taraba_Adamawa_I2B2N,Taraba,2021-11-09
Taraba_Adamawa_J2I7B,Taraba,2021-11-10
Taraba_Adamawa_J2W0I,Taraba,2021-11-09
Taraba_Adamawa_J4S3J,Taraba,2021-11-26
Taraba_Adamawa_J5K9I,Taraba,2021-10-21
Taraba_Adamawa_J9W4T,Taraba,2021-11-04
Taraba_Adamawa_K5M0C,Taraba,2021-11-23
Taraba_Adamawa_K7E9F,Taraba,2021-10-29
Taraba_Adamawa_K9O3L,Taraba,2021-10-29
Taraba_Adamawa_L2O6I,Taraba,
Taraba_Adamawa_L4B8Y,Taraba,2021-11-09
Taraba_Adamawa_L5J3D,Taraba,2021-10-22
Taraba_Adamawa_M1C6V,Taraba,2021-11-09
Taraba_Adamawa_M1P6J,Taraba,2021-11-23
Taraba_Adamawa_M3H1X,Taraba,2021-11-03
Taraba_Adamawa_M4Z0Q,Taraba,2021-11-26
Taraba_Adamawa_M7A2V,Taraba,2021-11-14
Taraba_Adamawa_N4A9B,Taraba,
Taraba_Adamawa_N4O1H,Taraba,2021-10-29
Taraba_Adamawa_N8S1P,Taraba,2021-10-30
Taraba_Adamawa_O1K0Z,Taraba,2021-10-31
Taraba_Adamawa_O1O2G,Taraba,2021-11-23
Taraba_Adamawa_O3A9B,Taraba,2021-10-29
Taraba_Adamawa_O5H6H,Taraba,2021-11-14
Taraba_Adamawa_O8J3J,Taraba,2021-11-23
Taraba_Adamawa_O9A0X,Taraba,2021-10-31
Taraba_Adamawa_Q4Q7S,Taraba,2021-10-26
Taraba_Adamawa_R1L1F,Taraba,2021-11-14
Taraba_Adamawa_R2Q1L,Taraba,2021-10-29
Taraba_Adamawa_R5G3G,Taraba,2021-11-03
Taraba_Adamawa_S0M7M,Taraba,
Taraba_Adamawa_S4B0X,Taraba,2021-10-29
Taraba_Adamawa_S9M4S,Taraba,2021-11-10
Taraba_Adamawa_T0N9Q,Taraba,2021-11-10
Taraba_Adamawa_T2S4S,Taraba,2021-11-09
Taraba_Adamawa_T3F5H,Taraba,
Taraba_Adamawa_T4H5K,Taraba,2021-10-27
Taraba_Adamawa_T6R9B,Taraba,2021-11-26
Taraba_Adamawa_T7Z4F,Taraba,2021-10-29
Taraba_Adamawa_U0S4R,Taraba,2021-11-09
Taraba_Adamawa_U1N4N,Taraba,2021-10-26
Taraba_Adamawa_U3G7L,Taraba,2021-10-31
Taraba_Adamawa_V1L3L,Taraba,2021-11-09
Taraba_Adamawa_V1N4O,Taraba,2021-11-09
Taraba_Adamawa_V4H9Q,Taraba,2021-11-23
Taraba_Adamawa_V9D7P,Taraba,2021-11-26
Taraba_Adamawa_V9S4C,Taraba,2021-10-20
Taraba_Adamawa_W9W4H,Taraba,2021-11-10
Taraba_Adamawa_X3E9O,Taraba,2021-11-09
Taraba_Adamawa_X7P8D,Taraba,2021-10-27
Taraba_Adamawa_Y0W3Y,Taraba,2021-10-29
Taraba_Adamawa_Y2T5Z,Taraba,2021-10-22
Taraba_Adamawa_Y3B3G,Taraba,2021-11-23
Taraba_Adamawa_Y3V0X,Taraba,2021-10-31
Yobe_Borno_A1A7I,Yobe,2021-11-20
Yobe_Borno_A3O8Z,Yobe,2021-11-19
Yobe_Borno_B4B2I,Yobe,2021-11-03
Yobe_Borno_C5H1P,Yobe,2021-10-24
Yobe_Borno_D2X3G,Yobe,2021-10-24
Yobe_Borno_E4V9N,Yobe,2021-11-10
Yobe_Borno_E7R6J,Yobe,2021-11-06
Yobe_Borno_F0Y9N,Yobe,2021-11-10
Yobe_Borno_F4R0B,Yobe,2021-11-20
Yobe_Borno_F8J0W,Yobe,2021-10-26
Yobe_Borno_G3F3R,Yobe,2021-11-06
Yobe_Borno_G4N5D,Yobe,2021-11-25
Yobe_Borno_H3V8O,Yobe,2021-11-21
Yobe_Borno_H6H8D,Yobe,2021-11-25
Yobe_Borno_H8U1L,Yobe,2021-11-20
Yobe_Borno_I3Z9U,Yobe,2021-11-25
Yobe_Borno_J2G0R,Yobe,2021-11-03
Yobe_Borno_K4G7C,Yobe,2021-11-06
Yobe_Borno_K9C7D,Yobe,2021-10-25
Yobe_Borno_L4C2T,Yobe,2021-11-07
Yobe_Borno_L5D6Z,Yobe,2021-11-19
Yobe_Borno_M5I9J,Yobe,2021-11-20
Yobe_Borno_M5X0P,Yobe,2021-11-19
Yobe_Borno_M9Z8E,Yobe,2021-10-26
Yobe_Borno_N4R0J,Yobe,2021-11-07
Yobe_Borno_N5Q7Q,Yobe,2021-11-21
Yobe_Borno_N6Z6Z,Yobe,2021-11-21
Yobe_Borno_O2T8S,Yobe,2021-11-19
Yobe_Borno_O5P5O,Yobe,2021-10-31
Yobe_Borno_P1G3Z,Yobe,2021-11-20
Yobe_Borno_P9Q7W,Yobe,2021-10-23
Yobe_Borno_Q7Y7E,Yobe,2021-10-23
Yobe_Borno_R5C0Y,Yobe,2021-11-18
Yobe_Borno_R8D7K,Yobe,2021-11-25
Yobe_Borno_R8X5D,Yobe,2021-11-10
Yobe_Borno_S9O0Q,Yobe,2021-10-23
Yobe_Borno_T9M2R,Yobe,2021-10-31
Yobe_Borno_U3N9U,Yobe,2021-10-23
Yobe_Borno_U5B8J,Yobe,2021-11-25
Yobe_Borno_V5A3E,Yobe,2021-10-24
Yobe_Borno_V7N9Z,Yobe,
Yobe_Borno_V9U0Z,Yobe,2021-10-23
Yobe_Borno_W1G7L,Yobe,2021-11-20
Yobe_Borno_W3F7M,Yobe,2021-11-25
Yobe_Borno_W6H1L,Yobe,2021-11-07
Yobe_Borno_W8G1M,Yobe,2021-10-26
Yobe_Borno_X3J4O,Yobe,2021-11-19
Yobe_Borno_X9C2L,Yobe,2021-10-26
Yobe_Borno_X9R3C,Yobe,2021-10-23
Yobe_Borno_Y7O8D,Yobe,2021-11-25
Yobe_Borno_Y8Q6E,Yobe,2021-11-19
Yobe_Borno_Z8F0N,Yobe,2021-11-20
Katsina_Zamfara_R7Z8H,Zamfara,2021-11-30
Katsina_Zamfara_R8I6O,Zamfara,2021-10-29
Katsina_Zamfara_R9I7Q,Zamfara,
Katsina_Zamfara_R9R5X,Zamfara,2021-11-24
Katsina_Zamfara_S2A1V,Zamfara,2021-11-30
Katsina_Zamfara_S2K7M,Zamfara,2021-12-01
Katsina_Zamfara_S3R8V,Zamfara,2021-11-30
Katsina_Zamfara_S9T8E,Zamfara,2021-11-24
Katsina_Zamfara_T1X8B,Zamfara,2021-11-24
Katsina_Zamfara_T2A0V,Zamfara,2021-11-22
Katsina_Zamfara_T6P8X,Zamfara,2021-12-01
Katsina_Zamfara_U0D2Z,Zamfara,2021-11-30
Katsina_Zamfara_U4K7Q,Zamfara,2021-11-30
Katsina_Zamfara_U6Q9B,Zamfara,2021-11-30
Katsina_Zamfara_U9J4R,Zamfara,2021-11-30
Katsina_Zamfara_V0X4X,Zamfara,2021-11-29
Katsina_Zamfara_V2R4T,Zamfara,2021-11-26
Katsina_Zamfara_V4H3K,Zamfara,2021-11-26
Katsina_Zamfara_V8K6U,Zamfara,2021-11-30
Katsina_Zamfara_W1F7K,Zamfara,2021-11-22
Katsina_Zamfara_W3B3E,Zamfara,2021-11-22
Katsina_Zamfara_W4U4Z,Zamfara,2021-12-03
Katsina_Zamfara_W6T6D,Zamfara,2021-12-01
Katsina_Zamfara_W7Y2F,Zamfara,2021-11-22
Katsina_Zamfara_W9R4C,Zamfara,2021-11-30
Katsina_Zamfara_W9S0Y,Zamfara,2021-11-30
Katsina_Zamfara_X1I1I,Zamfara,2021-11-30
