Year,State,Prevalence
2018,Federal Capital Territory,20.1%
2018,Benue,12.7%
2018,Kogi,25.4%
2018,Kwara,20.2%
2018,Nasarawa,13.6%
2018,Niger,31.6%
2018,Plateau,21.4%
2018,Adamawa,21.1%
2018,Bauchi,30.6%
2018,Borno,10.0%
2018,Gombe,30.3%
2018,Taraba,20.8%
2018,Yobe,13.3%
2018,Jigawa,35.7%
2018,Kaduna,33.0%
2018,Kano,32.4%
2018,Katsina,25.5%
2018,Kebbi,52.2%
2018,Sokoto,36.4%
2018,Zamfara,35.7%
2018,Abia,13.5%
2018,Anambra,8.8%
2018,Ebonyi,30.5%
2018,Enugu,17.4%
2018,Imo,7.8%
2018,Akwa Ibom,23.2%
2018,Bayelsa,12.5%
2018,Cross River,19.5%
2018,Delta,17.0%
2018,Edo,14.7%
2018,Rivers,11.2%
2018,Ekiti,32.3%
2018,Lagos,1.8%
2018,Ogun,21.6%
2018,Ondo,33.5%
2018,Osun,27.7%
2018,Oyo,23.8%
